{
  "type": "FeatureCollection",
  "name": "flamingo-coast-osm",
  "source": "OpenStreetMap contributors",
  "license": "ODbL 1.0",
  "generated_from": "Nominatim /lookup?polygon_geojson=1",
  "features": [
    {
      "type": "Feature",
      "properties": {
        "name": "Peisazh i Mbrojtur Pishë Poro - Nartë",
        "kind": "OSM protected-area boundary",
        "color": "#37b6c9",
        "osm_type": "relation",
        "osm_id": 21209191,
        "osm_url": "https://www.openstreetmap.org/relation/21209191",
        "label_coordinates": [
          19.4374984,
          40.574716
        ],
        "source": "OpenStreetMap contributors",
        "license": "ODbL 1.0"
      },
      "geometry": {
        "type": "Polygon",
        "coordinates": [
          [
            [
              19.309774,
              40.6492614
            ],
            [
              19.3104325,
              40.6488089
            ],
            [
              19.3110165,
              40.6485733
            ],
            [
              19.3133647,
              40.6467162
            ],
            [
              19.3147563,
              40.6457923
            ],
            [
              19.3180861,
              40.6434355
            ],
            [
              19.3206953,
              40.6416914
            ],
            [
              19.3242114,
              40.6385801
            ],
            [
              19.32774,
              40.6353933
            ],
            [
              19.3322004,
              40.6308203
            ],
            [
              19.3354433,
              40.6276331
            ],
            [
              19.3381518,
              40.6242854
            ],
            [
              19.3388352,
              40.6232481
            ],
            [
              19.3395558,
              40.6222768
            ],
            [
              19.3414443,
              40.6202775
            ],
            [
              19.3421525,
              40.6194947
            ],
            [
              19.3431714,
              40.6173916
            ],
            [
              19.344128,
              40.6163919
            ],
            [
              19.3449356,
              40.6150715
            ],
            [
              19.3459296,
              40.6137133
            ],
            [
              19.3469981,
              40.6124023
            ],
            [
              19.3478679,
              40.6105631
            ],
            [
              19.3486506,
              40.6089785
            ],
            [
              19.3497315,
              40.6073466
            ],
            [
              19.3517071,
              40.6038376
            ],
            [
              19.3528874,
              40.6014133
            ],
            [
              19.3538938,
              40.5996398
            ],
            [
              19.354018,
              40.5982153
            ],
            [
              19.3552605,
              40.5971115
            ],
            [
              19.3560184,
              40.5959133
            ],
            [
              19.357646,
              40.5938001
            ],
            [
              19.3591742,
              40.5910923
            ],
            [
              19.3608019,
              40.5885071
            ],
            [
              19.362181,
              40.5864502
            ],
            [
              19.3635477,
              40.5828551
            ],
            [
              19.3643553,
              40.5813831
            ],
            [
              19.3651132,
              40.5805621
            ],
            [
              19.366045,
              40.5797317
            ],
            [
              19.3667657,
              40.5789485
            ],
            [
              19.3676975,
              40.5775424
            ],
            [
              19.3687039,
              40.57574
            ],
            [
              19.3703564,
              40.573409
            ],
            [
              19.3713379,
              40.5719839
            ],
            [
              19.3730649,
              40.5694263
            ],
            [
              19.3741335,
              40.5679162
            ],
            [
              19.3753138,
              40.565953
            ],
            [
              19.3787057,
              40.5589116
            ],
            [
              19.3802712,
              40.5555227
            ],
            [
              19.3813273,
              40.5471679
            ],
            [
              19.381054,
              40.5432025
            ],
            [
              19.3800973,
              40.5408043
            ],
            [
              19.379035,
              40.5403416
            ],
            [
              19.3782087,
              40.540115
            ],
            [
              19.3774881,
              40.539945
            ],
            [
              19.3770703,
              40.5400808
            ],
            [
              19.3765361,
              40.5399663
            ],
            [
              19.3763311,
              40.5397597
            ],
            [
              19.3763885,
              40.5395591
            ],
            [
              19.3763699,
              40.5392971
            ],
            [
              19.377252,
              40.537948
            ],
            [
              19.3774136,
              40.537287
            ],
            [
              19.3776807,
              40.5367394
            ],
            [
              19.3785877,
              40.5365411
            ],
            [
              19.3789231,
              40.5363286
            ],
            [
              19.3794263,
              40.5365977
            ],
            [
              19.3795879,
              40.5362059
            ],
            [
              19.3796251,
              40.53495
            ],
            [
              19.3793704,
              40.5348508
            ],
            [
              19.3790722,
              40.5347753
            ],
            [
              19.3788113,
              40.5347753
            ],
            [
              19.378364,
              40.5347564
            ],
            [
              19.3779416,
              40.5344401
            ],
            [
              19.3776496,
              40.5339065
            ],
            [
              19.3771899,
              40.533085
            ],
            [
              19.3774695,
              40.5325609
            ],
            [
              19.3779727,
              40.5317771
            ],
            [
              19.3782522,
              40.5320321
            ],
            [
              19.378333,
              40.532169
            ],
            [
              19.3785504,
              40.5322446
            ],
            [
              19.3789604,
              40.5321926
            ],
            [
              19.3794015,
              40.5319754
            ],
            [
              19.3796438,
              40.5317205
            ],
            [
              19.3800911,
              40.5311916
            ],
            [
              19.3804141,
              40.5311255
            ],
            [
              19.3807433,
              40.5312672
            ],
            [
              19.3808303,
              40.5315033
            ],
            [
              19.3813335,
              40.531626
            ],
            [
              19.3820169,
              40.5313286
            ],
            [
              19.3825138,
              40.5308517
            ],
            [
              19.3828493,
              40.5305778
            ],
            [
              19.383483,
              40.5303606
            ],
            [
              19.3839862,
              40.5300443
            ],
            [
              19.384508,
              40.5297185
            ],
            [
              19.3851416,
              40.5291518
            ],
            [
              19.3854026,
              40.5285238
            ],
            [
              19.3855454,
              40.5283822
            ],
            [
              19.3857815,
              40.5284719
            ],
            [
              19.3857939,
              40.5285947
            ],
            [
              19.3857753,
              40.5287505
            ],
            [
              19.3857362,
              40.5289045
            ],
            [
              19.385707,
              40.5290196
            ],
            [
              19.3858188,
              40.5291471
            ],
            [
              19.38603,
              40.5292085
            ],
            [
              19.3862785,
              40.5292368
            ],
            [
              19.3865953,
              40.5292038
            ],
            [
              19.3874091,
              40.5290574
            ],
            [
              19.3881049,
              40.5286419
            ],
            [
              19.3888131,
              40.5278533
            ],
            [
              19.3893225,
              40.5270317
            ],
            [
              19.3895772,
              40.5260731
            ],
            [
              19.3894219,
              40.5253318
            ],
            [
              19.3893784,
              40.5242268
            ],
            [
              19.3892977,
              40.5238112
            ],
            [
              19.3890678,
              40.5231312
            ],
            [
              19.3885274,
              40.5225929
            ],
            [
              19.3879061,
              40.5222104
            ],
            [
              19.3871482,
              40.5220262
            ],
            [
              19.386717,
              40.5223632
            ],
            [
              19.3860859,
              40.5226826
            ],
            [
              19.3857815,
              40.5226354
            ],
            [
              19.3859244,
              40.522064
            ],
            [
              19.3864214,
              40.5213557
            ],
            [
              19.386819,
              40.520907
            ],
            [
              19.3878005,
              40.5196886
            ],
            [
              19.3887324,
              40.5187772
            ],
            [
              19.3895213,
              40.5183333
            ],
            [
              19.3898009,
              40.5183191
            ],
            [
              19.3902295,
              40.5174974
            ],
            [
              19.3908942,
              40.5167748
            ],
            [
              19.3922423,
              40.5156036
            ],
            [
              19.3929816,
              40.5147818
            ],
            [
              19.3933481,
              40.5146543
            ],
            [
              19.3933792,
              40.5143851
            ],
            [
              19.3941184,
              40.5138939
            ],
            [
              19.3943421,
              40.51379
            ],
            [
              19.3943793,
              40.512921
            ],
            [
              19.3945284,
              40.5124251
            ],
            [
              19.3952056,
              40.5116647
            ],
            [
              19.3968829,
              40.5093598
            ],
            [
              19.3970941,
              40.5079145
            ],
            [
              19.396914,
              40.5076075
            ],
            [
              19.3974296,
              40.5074705
            ],
            [
              19.3981564,
              40.5076689
            ],
            [
              19.3985167,
              40.5074988
            ],
            [
              19.3986907,
              40.5072579
            ],
            [
              19.3989019,
              40.5068045
            ],
            [
              19.3991752,
              40.5052032
            ],
            [
              19.3999207,
              40.5042774
            ],
            [
              19.4009271,
              40.5028178
            ],
            [
              19.4011321,
              40.5022226
            ],
            [
              19.4023932,
              40.5010086
            ],
            [
              19.4033685,
              40.5001489
            ],
            [
              19.4035735,
              40.4999788
            ],
            [
              19.4038282,
              40.4995537
            ],
            [
              19.4039773,
              40.4992891
            ],
            [
              19.4040767,
              40.4990529
            ],
            [
              19.404816,
              40.4985286
            ],
            [
              19.4055428,
              40.4982074
            ],
            [
              19.4057354,
              40.4988215
            ],
            [
              19.4058224,
              40.4993978
            ],
            [
              19.4062821,
              40.5000875
            ],
            [
              19.4066548,
              40.5003851
            ],
            [
              19.4070462,
              40.5005504
            ],
            [
              19.4081396,
              40.5008338
            ],
            [
              19.4089348,
              40.5009472
            ],
            [
              19.4105313,
              40.5009897
            ],
            [
              19.4115439,
              40.5009283
            ],
            [
              19.4123205,
              40.5008433
            ],
            [
              19.4144761,
              40.5005315
            ],
            [
              19.4168554,
              40.499908
            ],
            [
              19.4179239,
              40.4995112
            ],
            [
              19.4220054,
              40.4977728
            ],
            [
              19.4227012,
              40.4972153
            ],
            [
              19.4239437,
              40.4967902
            ],
            [
              19.4249128,
              40.4962327
            ],
            [
              19.4264162,
              40.4954107
            ],
            [
              19.4305287,
              40.4928218
            ],
            [
              19.4349394,
              40.4883618
            ],
            [
              19.4369522,
              40.4857821
            ],
            [
              19.4418475,
              40.4878421
            ],
            [
              19.4442579,
              40.488976
            ],
            [
              19.4531663,
              40.4903084
            ],
            [
              19.4570676,
              40.4919714
            ],
            [
              19.4590804,
              40.4924627
            ],
            [
              19.463193,
              40.4945981
            ],
            [
              19.4659388,
              40.4956469
            ],
            [
              19.4662494,
              40.4956375
            ],
            [
              19.4750585,
              40.4875019
            ],
            [
              19.4766861,
              40.4875114
            ],
            [
              19.4850603,
              40.4888154
            ],
            [
              19.4875079,
              40.4905257
            ],
            [
              19.4888125,
              40.4923305
            ],
            [
              19.4912353,
              40.4942296
            ],
            [
              19.4917198,
              40.4973948
            ],
            [
              19.493099,
              40.4987742
            ],
            [
              19.4935959,
              40.4999647
            ],
            [
              19.4933723,
              40.503328
            ],
            [
              19.4933723,
              40.5042538
            ],
            [
              19.4941426,
              40.506011
            ],
            [
              19.4945899,
              40.50671
            ],
            [
              19.4986652,
              40.5106776
            ],
            [
              19.4980936,
              40.5121512
            ],
            [
              19.4962051,
              40.5146638
            ],
            [
              19.4969257,
              40.5159106
            ],
            [
              19.4991373,
              40.5164206
            ],
            [
              19.5007028,
              40.5175918
            ],
            [
              19.500678,
              40.5202365
            ],
            [
              19.5017962,
              40.5211243
            ],
            [
              19.5019453,
              40.5228054
            ],
            [
              19.5012743,
              40.524411
            ],
            [
              19.5030635,
              40.5265642
            ],
            [
              19.503312,
              40.5272631
            ],
            [
              19.5029392,
              40.5300207
            ],
            [
              19.5036847,
              40.5322871
            ],
            [
              19.5035108,
              40.5338168
            ],
            [
              19.5012495,
              40.5358754
            ],
            [
              19.5011998,
              40.5393313
            ],
            [
              19.5019701,
              40.5409553
            ],
            [
              19.5026162,
              40.5426926
            ],
            [
              19.5029144,
              40.5435802
            ],
            [
              19.5037096,
              40.5447887
            ],
            [
              19.5040077,
              40.5457706
            ],
            [
              19.5038587,
              40.5469979
            ],
            [
              19.5040823,
              40.5476588
            ],
            [
              19.5057223,
              40.5483386
            ],
            [
              19.5067163,
              40.5491882
            ],
            [
              19.5080582,
              40.5506987
            ],
            [
              19.5084558,
              40.552247
            ],
            [
              19.5090521,
              40.5540406
            ],
            [
              19.5090273,
              40.5555133
            ],
            [
              19.5087539,
              40.5562118
            ],
            [
              19.5083564,
              40.5566838
            ],
            [
              19.5091515,
              40.55759
            ],
            [
              19.5098225,
              40.5582886
            ],
            [
              19.5099964,
              40.5587983
            ],
            [
              19.5100213,
              40.5630082
            ],
            [
              19.509897,
              40.5644806
            ],
            [
              19.5096734,
              40.5653301
            ],
            [
              19.5103691,
              40.566878
            ],
            [
              19.5101703,
              40.5678595
            ],
            [
              19.509574,
              40.5685957
            ],
            [
              19.5069151,
              40.5705399
            ],
            [
              19.5063187,
              40.5721538
            ],
            [
              19.5062318,
              40.5741073
            ],
            [
              19.5049023,
              40.5753247
            ],
            [
              19.5073376,
              40.5770328
            ],
            [
              19.5085179,
              40.5825532
            ],
            [
              19.5084309,
              40.5860916
            ],
            [
              19.5115619,
              40.58946
            ],
            [
              19.5120837,
              40.5908659
            ],
            [
              19.5120962,
              40.5930359
            ],
            [
              19.5128168,
              40.5956964
            ],
            [
              19.512618,
              40.5983662
            ],
            [
              19.5131026,
              40.6007907
            ],
            [
              19.5129162,
              40.6023
            ],
            [
              19.5148669,
              40.6036395
            ],
            [
              19.5155875,
              40.6046489
            ],
            [
              19.5169169,
              40.6057997
            ],
            [
              19.5170163,
              40.6092048
            ],
            [
              19.516333,
              40.6097236
            ],
            [
              19.5105804,
              40.6102141
            ],
            [
              19.5083688,
              40.6101009
            ],
            [
              19.5042314,
              40.6113271
            ],
            [
              19.5009389,
              40.6119213
            ],
            [
              19.4954348,
              40.6107706
            ],
            [
              19.4930617,
              40.6124212
            ],
            [
              19.4928256,
              40.6141661
            ],
            [
              19.4910365,
              40.6157506
            ],
            [
              19.4896574,
              40.6160901
            ],
            [
              19.4878061,
              40.6154016
            ],
            [
              19.4871227,
              40.6143641
            ],
            [
              19.485756,
              40.6121099
            ],
            [
              19.4841657,
              40.6113082
            ],
            [
              19.4805253,
              40.6128739
            ],
            [
              19.4789846,
              40.6156751
            ],
            [
              19.4788728,
              40.6171653
            ],
            [
              19.4802147,
              40.6193721
            ],
            [
              19.4834948,
              40.622107
            ],
            [
              19.4865388,
              40.6243515
            ],
            [
              19.4893592,
              40.6273408
            ],
            [
              19.4893343,
              40.62818
            ],
            [
              19.4855945,
              40.6305091
            ],
            [
              19.4831469,
              40.6306977
            ],
            [
              19.4805874,
              40.6304997
            ],
            [
              19.4789225,
              40.6303959
            ],
            [
              19.4760524,
              40.6303582
            ],
            [
              19.4739278,
              40.6306223
            ],
            [
              19.4712068,
              40.6315935
            ],
            [
              19.4698774,
              40.633055
            ],
            [
              19.4671937,
              40.636289
            ],
            [
              19.4654045,
              40.6365719
            ],
            [
              19.4641994,
              40.6361193
            ],
            [
              19.463603,
              40.635629
            ],
            [
              19.4604471,
              40.6344976
            ],
            [
              19.4581734,
              40.6345447
            ],
            [
              19.4559743,
              40.635629
            ],
            [
              19.4523836,
              40.6393815
            ],
            [
              19.4511908,
              40.6417762
            ],
            [
              19.4506565,
              40.6455189
            ],
            [
              19.4524084,
              40.6489503
            ],
            [
              19.4549306,
              40.6520894
            ],
            [
              19.4565955,
              40.6538049
            ],
            [
              19.4559743,
              40.655577
            ],
            [
              19.4540857,
              40.6567458
            ],
            [
              19.4517499,
              40.6574904
            ],
            [
              19.4497371,
              40.6575187
            ],
            [
              19.4475007,
              40.6569626
            ],
            [
              19.4448418,
              40.6551623
            ],
            [
              19.4398596,
              40.6515426
            ],
            [
              19.4378592,
              40.649827
            ],
            [
              19.4336224,
              40.6483564
            ],
            [
              19.430889,
              40.6478285
            ],
            [
              19.4271741,
              40.6476023
            ],
            [
              19.4236455,
              40.6475646
            ],
            [
              19.421906,
              40.6473195
            ],
            [
              19.4209742,
              40.6468764
            ],
            [
              19.419856,
              40.6458677
            ],
            [
              19.4191478,
              40.6445668
            ],
            [
              19.418949,
              40.6440671
            ],
            [
              19.418539,
              40.6425681
            ],
            [
              19.4186011,
              40.6410597
            ],
            [
              19.4197566,
              40.6396078
            ],
            [
              19.421409,
              40.6383727
            ],
            [
              19.4208872,
              40.637081
            ],
            [
              19.4192347,
              40.6362419
            ],
            [
              19.4177935,
              40.6355536
            ],
            [
              19.4158428,
              40.6349313
            ],
            [
              19.4131218,
              40.6353933
            ],
            [
              19.4098417,
              40.6361382
            ],
            [
              19.4039898,
              40.6391552
            ],
            [
              19.4010576,
              40.6415688
            ],
            [
              19.3993057,
              40.644793
            ],
            [
              19.3983241,
              40.6494405
            ],
            [
              19.3973799,
              40.6510336
            ],
            [
              19.3962368,
              40.652325
            ],
            [
              19.3941619,
              40.6543139
            ],
            [
              19.3919006,
              40.6550868
            ],
            [
              19.3891051,
              40.6557938
            ],
            [
              19.3814143,
              40.6570662
            ],
            [
              19.3749535,
              40.65881
            ],
            [
              19.3708161,
              40.6601483
            ],
            [
              19.3665544,
              40.6614207
            ],
            [
              19.3618579,
              40.6627968
            ],
            [
              19.3576584,
              40.6641256
            ],
            [
              19.3520301,
              40.664823
            ],
            [
              19.3478679,
              40.6646911
            ],
            [
              19.3469236,
              40.6644366
            ],
            [
              19.3437926,
              40.6636073
            ],
            [
              19.3398416,
              40.6622501
            ],
            [
              19.3372945,
              40.6605159
            ],
            [
              19.3355054,
              40.6587817
            ],
            [
              19.3354187,
              40.6586684
            ],
            [
              19.3346108,
              40.6576129
            ],
            [
              19.3321507,
              40.6546344
            ],
            [
              19.3296161,
              40.6516934
            ],
            [
              19.3288334,
              40.6509393
            ],
            [
              19.3254042,
              40.6489786
            ],
            [
              19.3228696,
              40.6478945
            ],
            [
              19.3205213,
              40.6481208
            ],
            [
              19.3176761,
              40.6495536
            ],
            [
              19.3150048,
              40.6509676
            ],
            [
              19.3130717,
              40.6516687
            ],
            [
              19.3114063,
              40.6520052
            ],
            [
              19.3108271,
              40.6518679
            ],
            [
              19.3105069,
              40.6515179
            ],
            [
              19.3105816,
              40.6504303
            ],
            [
              19.3098734,
              40.6498082
            ],
            [
              19.309774,
              40.6492614
            ]
          ]
        ]
      }
    },
    {
      "type": "Feature",
      "properties": {
        "name": "Laguna e Nartës",
        "kind": "OSM lagoon boundary",
        "color": "#2f8fa5",
        "osm_type": "relation",
        "osm_id": 3688173,
        "osm_url": "https://www.openstreetmap.org/relation/3688173",
        "label_coordinates": [
          19.4239787,
          40.5313426
        ],
        "source": "OpenStreetMap contributors",
        "license": "ODbL 1.0"
      },
      "geometry": {
        "type": "Polygon",
        "coordinates": [
          [
            [
              19.3881102,
              40.5617471
            ],
            [
              19.388865,
              40.5599037
            ],
            [
              19.388762,
              40.5594025
            ],
            [
              19.3890158,
              40.5583404
            ],
            [
              19.3896638,
              40.5570125
            ],
            [
              19.389476,
              40.5555709
            ],
            [
              19.3902539,
              40.5535587
            ],
            [
              19.3897684,
              40.5529539
            ],
            [
              19.3895549,
              40.5517971
            ],
            [
              19.3896015,
              40.5509073
            ],
            [
              19.3902013,
              40.5499254
            ],
            [
              19.3897952,
              40.5478257
            ],
            [
              19.3900881,
              40.5474768
            ],
            [
              19.3907565,
              40.5470761
            ],
            [
              19.3896761,
              40.5467863
            ],
            [
              19.3890292,
              40.5436503
            ],
            [
              19.3897163,
              40.5437726
            ],
            [
              19.389939,
              40.542703
            ],
            [
              19.3896075,
              40.5421671
            ],
            [
              19.3890561,
              40.5405597
            ],
            [
              19.388813,
              40.5393878
            ],
            [
              19.3883549,
              40.5384718
            ],
            [
              19.3886472,
              40.5357753
            ],
            [
              19.389351,
              40.5327979
            ],
            [
              19.3900436,
              40.532225
            ],
            [
              19.3905822,
              40.5307792
            ],
            [
              19.3906757,
              40.5300049
            ],
            [
              19.3908836,
              40.5282843
            ],
            [
              19.3919309,
              40.5266126
            ],
            [
              19.3919537,
              40.5265458
            ],
            [
              19.3919431,
              40.5265009
            ],
            [
              19.3919008,
              40.5264769
            ],
            [
              19.3918054,
              40.5264714
            ],
            [
              19.3917291,
              40.5264636
            ],
            [
              19.3916968,
              40.5264327
            ],
            [
              19.391693,
              40.5263734
            ],
            [
              19.3916591,
              40.5263358
            ],
            [
              19.3914865,
              40.5262453
            ],
            [
              19.3913577,
              40.5261053
            ],
            [
              19.3913235,
              40.5260553
            ],
            [
              19.3913207,
              40.5259937
            ],
            [
              19.3913383,
              40.5259347
            ],
            [
              19.3913017,
              40.5258461
            ],
            [
              19.3913267,
              40.5257885
            ],
            [
              19.3912808,
              40.5257257
            ],
            [
              19.3913105,
              40.5256515
            ],
            [
              19.3913115,
              40.5255723
            ],
            [
              19.3912855,
              40.5255007
            ],
            [
              19.391249,
              40.5254723
            ],
            [
              19.3912193,
              40.5254259
            ],
            [
              19.3912105,
              40.5253512
            ],
            [
              19.3908637,
              40.5250182
            ],
            [
              19.3906202,
              40.5249069
            ],
            [
              19.3904877,
              40.5248195
            ],
            [
              19.3905275,
              40.5247279
            ],
            [
              19.3906704,
              40.5246821
            ],
            [
              19.3906681,
              40.5246271
            ],
            [
              19.3904271,
              40.5244073
            ],
            [
              19.390339,
              40.5241472
            ],
            [
              19.3903337,
              40.5236571
            ],
            [
              19.3904411,
              40.5234654
            ],
            [
              19.3904984,
              40.5232219
            ],
            [
              19.3906787,
              40.5230743
            ],
            [
              19.3907685,
              40.5229014
            ],
            [
              19.3907264,
              40.5227791
            ],
            [
              19.3906199,
              40.5226568
            ],
            [
              19.3905034,
              40.5224939
            ],
            [
              19.3904099,
              40.5224044
            ],
            [
              19.390282,
              40.5223805
            ],
            [
              19.3903372,
              40.5223204
            ],
            [
              19.3904531,
              40.5222409
            ],
            [
              19.3904541,
              40.5221472
            ],
            [
              19.3905421,
              40.5220985
            ],
            [
              19.3905141,
              40.5219562
            ],
            [
              19.390442,
              40.5218022
            ],
            [
              19.3902443,
              40.5216306
            ],
            [
              19.3901062,
              40.5215749
            ],
            [
              19.3900555,
              40.5215004
            ],
            [
              19.3900881,
              40.521445
            ],
            [
              19.3900781,
              40.521367
            ],
            [
              19.3899939,
              40.521268
            ],
            [
              19.3899696,
              40.52117
            ],
            [
              19.3899768,
              40.5211129
            ],
            [
              19.3900457,
              40.521074
            ],
            [
              19.3901353,
              40.521082
            ],
            [
              19.3903412,
              40.5210776
            ],
            [
              19.3905063,
              40.521024
            ],
            [
              19.3906274,
              40.5209289
            ],
            [
              19.3908104,
              40.5207265
            ],
            [
              19.3908205,
              40.520463
            ],
            [
              19.3907799,
              40.5203001
            ],
            [
              19.3907463,
              40.5202408
            ],
            [
              19.390774,
              40.5201607
            ],
            [
              19.3908176,
              40.520077
            ],
            [
              19.390795,
              40.5200615
            ],
            [
              19.3907726,
              40.5200608
            ],
            [
              19.3907435,
              40.5200631
            ],
            [
              19.3907349,
              40.520024
            ],
            [
              19.3907724,
              40.5200083
            ],
            [
              19.3908177,
              40.5199681
            ],
            [
              19.3908758,
              40.5198605
            ],
            [
              19.3909484,
              40.5196884
            ],
            [
              19.3910666,
              40.5195387
            ],
            [
              19.3913076,
              40.5192959
            ],
            [
              19.3916189,
              40.519025
            ],
            [
              19.3916814,
              40.5189212
            ],
            [
              19.3918136,
              40.518797
            ],
            [
              19.3919653,
              40.5187606
            ],
            [
              19.3921179,
              40.518631
            ],
            [
              19.3921539,
              40.5185418
            ],
            [
              19.3921907,
              40.518434
            ],
            [
              19.3922252,
              40.5183495
            ],
            [
              19.3923134,
              40.5182772
            ],
            [
              19.3924147,
              40.5182342
            ],
            [
              19.3926387,
              40.518136
            ],
            [
              19.392781,
              40.518066
            ],
            [
              19.3929495,
              40.5179206
            ],
            [
              19.393039,
              40.5178459
            ],
            [
              19.3932358,
              40.5177813
            ],
            [
              19.3935273,
              40.5177368
            ],
            [
              19.3938241,
              40.5177371
            ],
            [
              19.3939028,
              40.5176553
            ],
            [
              19.3940379,
              40.5176325
            ],
            [
              19.3940637,
              40.5175943
            ],
            [
              19.3940555,
              40.517565
            ],
            [
              19.3940685,
              40.5175386
            ],
            [
              19.394101,
              40.5175157
            ],
            [
              19.3941431,
              40.5175032
            ],
            [
              19.3941627,
              40.5174765
            ],
            [
              19.3941412,
              40.517392
            ],
            [
              19.3941422,
              40.5172874
            ],
            [
              19.3941017,
              40.5172232
            ],
            [
              19.3940951,
              40.5171733
            ],
            [
              19.394084,
              40.517135
            ],
            [
              19.3940768,
              40.5170967
            ],
            [
              19.3941199,
              40.5170375
            ],
            [
              19.3941317,
              40.5169843
            ],
            [
              19.3940228,
              40.5169279
            ],
            [
              19.3939885,
              40.5168412
            ],
            [
              19.3940841,
              40.5165993
            ],
            [
              19.3941651,
              40.5163106
            ],
            [
              19.3942036,
              40.5161678
            ],
            [
              19.394297,
              40.5160444
            ],
            [
              19.3943905,
              40.5159567
            ],
            [
              19.3945872,
              40.515781
            ],
            [
              19.3949061,
              40.5155605
            ],
            [
              19.3950016,
              40.5155208
            ],
            [
              19.3950898,
              40.5155249
            ],
            [
              19.3952303,
              40.5155509
            ],
            [
              19.3954916,
              40.5156578
            ],
            [
              19.3956267,
              40.5157427
            ],
            [
              19.3956664,
              40.5158184
            ],
            [
              19.395639,
              40.5158777
            ],
            [
              19.3956604,
              40.5159059
            ],
            [
              19.395697,
              40.5158959
            ],
            [
              19.3957414,
              40.5158947
            ],
            [
              19.3957873,
              40.5158925
            ],
            [
              19.3958495,
              40.5158804
            ],
            [
              19.3959154,
              40.5158485
            ],
            [
              19.3959539,
              40.5158091
            ],
            [
              19.3959881,
              40.5158253
            ],
            [
              19.396076,
              40.5158012
            ],
            [
              19.3960916,
              40.5157502
            ],
            [
              19.3960722,
              40.515663
            ],
            [
              19.3960428,
              40.5155331
            ],
            [
              19.396014,
              40.5154085
            ],
            [
              19.3959419,
              40.5152702
            ],
            [
              19.395841,
              40.5150793
            ],
            [
              19.3957108,
              40.5148975
            ],
            [
              19.3956344,
              40.5148026
            ],
            [
              19.3956115,
              40.5147348
            ],
            [
              19.3956981,
              40.5146961
            ],
            [
              19.3957503,
              40.5147281
            ],
            [
              19.3959095,
              40.5148317
            ],
            [
              19.3960815,
              40.5149198
            ],
            [
              19.3963083,
              40.5150651
            ],
            [
              19.3964968,
              40.5151387
            ],
            [
              19.396749,
              40.515189
            ],
            [
              19.3969082,
              40.5152026
            ],
            [
              19.3969643,
              40.5152084
            ],
            [
              19.3970101,
              40.5151977
            ],
            [
              19.3970229,
              40.515159
            ],
            [
              19.3970165,
              40.5151261
            ],
            [
              19.3969592,
              40.5150457
            ],
            [
              19.3968891,
              40.5149498
            ],
            [
              19.3968445,
              40.5147145
            ],
            [
              19.3967477,
              40.5145199
            ],
            [
              19.3966891,
              40.5143174
            ],
            [
              19.3966898,
              40.514178
            ],
            [
              19.3968435,
              40.5139698
            ],
            [
              19.397013,
              40.5138363
            ],
            [
              19.3973513,
              40.5136805
            ],
            [
              19.3977583,
              40.5135075
            ],
            [
              19.3978975,
              40.5134441
            ],
            [
              19.3979825,
              40.5133864
            ],
            [
              19.3980831,
              40.5133227
            ],
            [
              19.3981619,
              40.5132491
            ],
            [
              19.3982441,
              40.5131705
            ],
            [
              19.3984457,
              40.5130413
            ],
            [
              19.3986077,
              40.512986
            ],
            [
              19.3987267,
              40.5129113
            ],
            [
              19.3988341,
              40.5128955
            ],
            [
              19.3988846,
              40.5129048
            ],
            [
              19.3989538,
              40.512894
            ],
            [
              19.3990488,
              40.5128515
            ],
            [
              19.3991454,
              40.5128342
            ],
            [
              19.3992613,
              40.512841
            ],
            [
              19.3993256,
              40.5128865
            ],
            [
              19.3994184,
              40.5128585
            ],
            [
              19.39953,
              40.51293
            ],
            [
              19.3995931,
              40.5129571
            ],
            [
              19.3997471,
              40.5129118
            ],
            [
              19.3998505,
              40.5129099
            ],
            [
              19.3999892,
              40.5128778
            ],
            [
              19.4004987,
              40.5126038
            ],
            [
              19.4006189,
              40.5125653
            ],
            [
              19.400878,
              40.512435
            ],
            [
              19.4009305,
              40.5124035
            ],
            [
              19.4009347,
              40.5123428
            ],
            [
              19.4009589,
              40.5123013
            ],
            [
              19.4010866,
              40.5122861
            ],
            [
              19.4011701,
              40.5122767
            ],
            [
              19.4011184,
              40.5122233
            ],
            [
              19.4010558,
              40.5121919
            ],
            [
              19.4009671,
              40.5121602
            ],
            [
              19.4010845,
              40.5121596
            ],
            [
              19.4016374,
              40.5121493
            ],
            [
              19.4021128,
              40.5120152
            ],
            [
              19.4026389,
              40.5119417
            ],
            [
              19.4041504,
              40.5116309
            ],
            [
              19.4046637,
              40.5115334
            ],
            [
              19.4049771,
              40.5115033
            ],
            [
              19.4053193,
              40.5115081
            ],
            [
              19.4056545,
              40.5115526
            ],
            [
              19.4059824,
              40.511632
            ],
            [
              19.4062645,
              40.5117476
            ],
            [
              19.4077075,
              40.5124625
            ],
            [
              19.4077945,
              40.5127664
            ],
            [
              19.4075979,
              40.5134368
            ],
            [
              19.4076756,
              40.5144888
            ],
            [
              19.4071495,
              40.5157639
            ],
            [
              19.4065304,
              40.5166474
            ],
            [
              19.4064605,
              40.5167779
            ],
            [
              19.4064019,
              40.5169294
            ],
            [
              19.4063792,
              40.5170306
            ],
            [
              19.4063636,
              40.5171152
            ],
            [
              19.4063578,
              40.5171843
            ],
            [
              19.4063585,
              40.5172646
            ],
            [
              19.4063336,
              40.5172642
            ],
            [
              19.4063309,
              40.5173077
            ],
            [
              19.4063553,
              40.5173084
            ],
            [
              19.4063419,
              40.5173711
            ],
            [
              19.4063144,
              40.5174351
            ],
            [
              19.4062742,
              40.5174933
            ],
            [
              19.4062526,
              40.5175212
            ],
            [
              19.4062321,
              40.5175523
            ],
            [
              19.4062317,
              40.517576
            ],
            [
              19.4062546,
              40.5175877
            ],
            [
              19.4063557,
              40.5176179
            ],
            [
              19.4065059,
              40.5176844
            ],
            [
              19.4066127,
              40.5177534
            ],
            [
              19.4066843,
              40.5178175
            ],
            [
              19.4067409,
              40.5178771
            ],
            [
              19.4068468,
              40.5179908
            ],
            [
              19.4068935,
              40.5180623
            ],
            [
              19.4069085,
              40.5180924
            ],
            [
              19.4069157,
              40.5181272
            ],
            [
              19.4069109,
              40.5181579
            ],
            [
              19.406899,
              40.5181898
            ],
            [
              19.4068975,
              40.5182078
            ],
            [
              19.406907,
              40.5182234
            ],
            [
              19.4069338,
              40.5182421
            ],
            [
              19.4069591,
              40.5182487
            ],
            [
              19.40699,
              40.5182463
            ],
            [
              19.4070145,
              40.5182475
            ],
            [
              19.4070469,
              40.5182565
            ],
            [
              19.4071584,
              40.5183088
            ],
            [
              19.4072478,
              40.5183689
            ],
            [
              19.4075064,
              40.5185811
            ],
            [
              19.4076124,
              40.5186815
            ],
            [
              19.4076796,
              40.5187771
            ],
            [
              19.4077286,
              40.5188529
            ],
            [
              19.4077595,
              40.518901
            ],
            [
              19.407788,
              40.5189352
            ],
            [
              19.4078267,
              40.5189689
            ],
            [
              19.4078757,
              40.519008
            ],
            [
              19.4079651,
              40.5190561
            ],
            [
              19.4080853,
              40.5191198
            ],
            [
              19.4082,
              40.5191853
            ],
            [
              19.4083526,
              40.5193008
            ],
            [
              19.40854,
              40.5194637
            ],
            [
              19.4086207,
              40.5195382
            ],
            [
              19.4086523,
              40.5195827
            ],
            [
              19.4086571,
              40.5196146
            ],
            [
              19.4086338,
              40.5196395
            ],
            [
              19.4087477,
              40.5197257
            ],
            [
              19.4091454,
              40.5198888
            ],
            [
              19.4092643,
              40.5199679
            ],
            [
              19.4095335,
              40.520182
            ],
            [
              19.4097324,
              40.5204045
            ],
            [
              19.4099971,
              40.5208351
            ],
            [
              19.4100973,
              40.5211626
            ],
            [
              19.4100869,
              40.5214004
            ],
            [
              19.4101186,
              40.5215153
            ],
            [
              19.4101265,
              40.5216522
            ],
            [
              19.410117,
              40.5218358
            ],
            [
              19.4100807,
              40.5218836
            ],
            [
              19.4101468,
              40.5219735
            ],
            [
              19.4101527,
              40.522028
            ],
            [
              19.4101166,
              40.5220665
            ],
            [
              19.4101496,
              40.5221074
            ],
            [
              19.4101389,
              40.522226
            ],
            [
              19.4101466,
              40.5222973
            ],
            [
              19.4101228,
              40.5223646
            ],
            [
              19.4100954,
              40.522371
            ],
            [
              19.4100932,
              40.5224158
            ],
            [
              19.4101358,
              40.5224546
            ],
            [
              19.4100834,
              40.522634
            ],
            [
              19.4101098,
              40.5228097
            ],
            [
              19.4101415,
              40.5229454
            ],
            [
              19.4102019,
              40.5230396
            ],
            [
              19.4102964,
              40.5231718
            ],
            [
              19.4103067,
              40.5232842
            ],
            [
              19.4103324,
              40.5233411
            ],
            [
              19.4104469,
              40.5234187
            ],
            [
              19.4104708,
              40.5235541
            ],
            [
              19.4105607,
              40.5236528
            ],
            [
              19.4106037,
              40.5238262
            ],
            [
              19.4107845,
              40.524121
            ],
            [
              19.4108783,
              40.5242171
            ],
            [
              19.4112458,
              40.5244331
            ],
            [
              19.4112651,
              40.5244972
            ],
            [
              19.4113931,
              40.5245295
            ],
            [
              19.4115075,
              40.5245848
            ],
            [
              19.4117535,
              40.5245941
            ],
            [
              19.4120913,
              40.5245187
            ],
            [
              19.4121663,
              40.5244278
            ],
            [
              19.4122843,
              40.5243892
            ],
            [
              19.4124508,
              40.5242542
            ],
            [
              19.4126933,
              40.5241173
            ],
            [
              19.4128696,
              40.5239859
            ],
            [
              19.4130164,
              40.5238376
            ],
            [
              19.4131399,
              40.5236355
            ],
            [
              19.4132401,
              40.5235274
            ],
            [
              19.41329,
              40.5234092
            ],
            [
              19.4133578,
              40.5232909
            ],
            [
              19.4135113,
              40.5231144
            ],
            [
              19.4136093,
              40.5229745
            ],
            [
              19.4138213,
              40.5226474
            ],
            [
              19.4139594,
              40.5224743
            ],
            [
              19.4140124,
              40.5223933
            ],
            [
              19.4141155,
              40.522304
            ],
            [
              19.4142127,
              40.5221474
            ],
            [
              19.4142756,
              40.5220937
            ],
            [
              19.4143088,
              40.5220001
            ],
            [
              19.4143272,
              40.5219152
            ],
            [
              19.4144316,
              40.5218031
            ],
            [
              19.4145714,
              40.5216581
            ],
            [
              19.4147399,
              40.5214587
            ],
            [
              19.4149051,
              40.5213294
            ],
            [
              19.415087,
              40.5211632
            ],
            [
              19.41524,
              40.520921
            ],
            [
              19.4153375,
              40.5208176
            ],
            [
              19.4154601,
              40.5207081
            ],
            [
              19.4156489,
              40.5205858
            ],
            [
              19.415699,
              40.5205116
            ],
            [
              19.4157705,
              40.5204827
            ],
            [
              19.41586,
              40.5204111
            ],
            [
              19.4159513,
              40.5203517
            ],
            [
              19.4160475,
              40.5202613
            ],
            [
              19.4161598,
              40.5202021
            ],
            [
              19.416267,
              40.5201125
            ],
            [
              19.4162846,
              40.5200691
            ],
            [
              19.4163576,
              40.5200573
            ],
            [
              19.4164783,
              40.5200001
            ],
            [
              19.4164917,
              40.5199086
            ],
            [
              19.4165248,
              40.5198362
            ],
            [
              19.4165731,
              40.5198165
            ],
            [
              19.4165883,
              40.5197447
            ],
            [
              19.416668,
              40.5196702
            ],
            [
              19.4166836,
              40.5196053
            ],
            [
              19.416729,
              40.5195416
            ],
            [
              19.416803,
              40.5194692
            ],
            [
              19.4168233,
              40.5194213
            ],
            [
              19.4169928,
              40.5192846
            ],
            [
              19.4172317,
              40.5188826
            ],
            [
              19.4174196,
              40.5185765
            ],
            [
              19.4175493,
              40.5183207
            ],
            [
              19.4177042,
              40.5182017
            ],
            [
              19.4177774,
              40.5181066
            ],
            [
              19.4179108,
              40.5178671
            ],
            [
              19.417973,
              40.5177569
            ],
            [
              19.4179671,
              40.5176739
            ],
            [
              19.4180969,
              40.5174379
            ],
            [
              19.4181712,
              40.5171991
            ],
            [
              19.4181801,
              40.5171107
            ],
            [
              19.4182428,
              40.5169509
            ],
            [
              19.4183189,
              40.516805
            ],
            [
              19.4184075,
              40.5166776
            ],
            [
              19.4184978,
              40.516568
            ],
            [
              19.418599,
              40.5164718
            ],
            [
              19.4187082,
              40.5163864
            ],
            [
              19.4187967,
              40.5163179
            ],
            [
              19.4188584,
              40.5162866
            ],
            [
              19.4188964,
              40.5162794
            ],
            [
              19.4189628,
              40.5162565
            ],
            [
              19.4190261,
              40.5162181
            ],
            [
              19.4190451,
              40.516188
            ],
            [
              19.4190751,
              40.5161387
            ],
            [
              19.4191004,
              40.5161062
            ],
            [
              19.41914,
              40.5160774
            ],
            [
              19.4192001,
              40.5160485
            ],
            [
              19.4192301,
              40.5160329
            ],
            [
              19.4192491,
              40.5160004
            ],
            [
              19.4192871,
              40.5159595
            ],
            [
              19.4193408,
              40.5159223
            ],
            [
              19.4194199,
              40.515879
            ],
            [
              19.4194642,
              40.5158465
            ],
            [
              19.4194848,
              40.5158116
            ],
            [
              19.4194832,
              40.5157708
            ],
            [
              19.4194531,
              40.5157227
            ],
            [
              19.419393,
              40.5156241
            ],
            [
              19.4193519,
              40.51557
            ],
            [
              19.4193392,
              40.5155243
            ],
            [
              19.4193472,
              40.5154617
            ],
            [
              19.419393,
              40.5154124
            ],
            [
              19.4194484,
              40.5153691
            ],
            [
              19.4194753,
              40.5153439
            ],
            [
              19.4194705,
              40.5153126
            ],
            [
              19.4194879,
              40.5152741
            ],
            [
              19.4195243,
              40.5152549
            ],
            [
              19.4195591,
              40.5152417
            ],
            [
              19.4195702,
              40.51522
            ],
            [
              19.4195496,
              40.51519
            ],
            [
              19.4195449,
              40.5151455
            ],
            [
              19.4195544,
              40.5150661
            ],
            [
              19.419586,
              40.5149808
            ],
            [
              19.4196334,
              40.514905
            ],
            [
              19.4196667,
              40.5148689
            ],
            [
              19.4197015,
              40.5148437
            ],
            [
              19.4197204,
              40.51481
            ],
            [
              19.4197125,
              40.5147799
            ],
            [
              19.4197252,
              40.5147306
            ],
            [
              19.4197363,
              40.5146886
            ],
            [
              19.4197347,
              40.5146597
            ],
            [
              19.4197378,
              40.5146188
            ],
            [
              19.4197631,
              40.5145839
            ],
            [
              19.4197837,
              40.5145455
            ],
            [
              19.4197837,
              40.5145178
            ],
            [
              19.4197426,
              40.5144998
            ],
            [
              19.4197299,
              40.5144661
            ],
            [
              19.4197236,
              40.5144192
            ],
            [
              19.419726,
              40.5144096
            ],
            [
              19.4197457,
              40.5144036
            ],
            [
              19.4197671,
              40.5144084
            ],
            [
              19.4197813,
              40.5144066
            ],
            [
              19.4198019,
              40.5143789
            ],
            [
              19.4198272,
              40.5143326
            ],
            [
              19.4198422,
              40.5143236
            ],
            [
              19.4198612,
              40.5143074
            ],
            [
              19.419862,
              40.5142863
            ],
            [
              19.4198573,
              40.5142761
            ],
            [
              19.4198612,
              40.5142611
            ],
            [
              19.419858,
              40.5142509
            ],
            [
              19.4197987,
              40.5142334
            ],
            [
              19.4197552,
              40.5142202
            ],
            [
              19.4197457,
              40.5142118
            ],
            [
              19.4197434,
              40.5141979
            ],
            [
              19.4197513,
              40.5141667
            ],
            [
              19.4197813,
              40.514118
            ],
            [
              19.4198011,
              40.5140915
            ],
            [
              19.4198145,
              40.5140825
            ],
            [
              19.4198517,
              40.5140759
            ],
            [
              19.4199166,
              40.5140771
            ],
            [
              19.4199553,
              40.5140771
            ],
            [
              19.419987,
              40.5140711
            ],
            [
              19.4200075,
              40.5140591
            ],
            [
              19.4200273,
              40.5140278
            ],
            [
              19.4200613,
              40.5139821
            ],
            [
              19.4200692,
              40.5139593
            ],
            [
              19.42007,
              40.5139406
            ],
            [
              19.4200645,
              40.5139274
            ],
            [
              19.4200629,
              40.5139112
            ],
            [
              19.4200716,
              40.5138973
            ],
            [
              19.4200977,
              40.5138997
            ],
            [
              19.4201079,
              40.5138931
            ],
            [
              19.4201214,
              40.5138673
            ],
            [
              19.4201696,
              40.5137194
            ],
            [
              19.4201831,
              40.5136725
            ],
            [
              19.4201957,
              40.5136418
            ],
            [
              19.4202139,
              40.513622
            ],
            [
              19.4202392,
              40.5136105
            ],
            [
              19.4202558,
              40.5135961
            ],
            [
              19.4202906,
              40.513527
            ],
            [
              19.4203096,
              40.5134596
            ],
            [
              19.4203191,
              40.5134109
            ],
            [
              19.4203057,
              40.5133815
            ],
            [
              19.4203001,
              40.5133562
            ],
            [
              19.4203072,
              40.5133274
            ],
            [
              19.4203365,
              40.5133009
            ],
            [
              19.420342,
              40.5132793
            ],
            [
              19.4203231,
              40.5132678
            ],
            [
              19.4203033,
              40.5132762
            ],
            [
              19.4202804,
              40.5132805
            ],
            [
              19.4202606,
              40.5132775
            ],
            [
              19.4202305,
              40.5132666
            ],
            [
              19.4202029,
              40.5132516
            ],
            [
              19.4201918,
              40.5132372
            ],
            [
              19.4201918,
              40.5132149
            ],
            [
              19.4202044,
              40.5131897
            ],
            [
              19.4202313,
              40.513174
            ],
            [
              19.4202724,
              40.5131692
            ],
            [
              19.420331,
              40.5131752
            ],
            [
              19.4203816,
              40.5131975
            ],
            [
              19.4204188,
              40.5132041
            ],
            [
              19.4204464,
              40.5132053
            ],
            [
              19.4204646,
              40.5131933
            ],
            [
              19.4205113,
              40.5131326
            ],
            [
              19.4205358,
              40.5130941
            ],
            [
              19.420535,
              40.5130736
            ],
            [
              19.4205065,
              40.5130424
            ],
            [
              19.4204828,
              40.5129588
            ],
            [
              19.4204646,
              40.5129137
            ],
            [
              19.4204512,
              40.5128626
            ],
            [
              19.4204441,
              40.5128271
            ],
            [
              19.4204456,
              40.5127922
            ],
            [
              19.4204591,
              40.5127568
            ],
            [
              19.4206394,
              40.5124483
            ],
            [
              19.4206552,
              40.5124471
            ],
            [
              19.4206734,
              40.5124357
            ],
            [
              19.420694,
              40.5123996
            ],
            [
              19.4206884,
              40.5123864
            ],
            [
              19.4206876,
              40.5123684
            ],
            [
              19.4207035,
              40.5123371
            ],
            [
              19.4208482,
              40.5121519
            ],
            [
              19.4208561,
              40.5121321
            ],
            [
              19.4208577,
              40.5120948
            ],
            [
              19.4208474,
              40.5120774
            ],
            [
              19.4208284,
              40.5120641
            ],
            [
              19.4208165,
              40.5120551
            ],
            [
              19.4208189,
              40.5120395
            ],
            [
              19.4208371,
              40.5120148
            ],
            [
              19.4208751,
              40.5119812
            ],
            [
              19.4209304,
              40.5119018
            ],
            [
              19.4210063,
              40.5118182
            ],
            [
              19.4210119,
              40.5117948
            ],
            [
              19.4210048,
              40.5117629
            ],
            [
              19.4209929,
              40.511737
            ],
            [
              19.4209866,
              40.511722
            ],
            [
              19.4209976,
              40.5117016
            ],
            [
              19.4210119,
              40.5116793
            ],
            [
              19.4210182,
              40.5116673
            ],
            [
              19.4210198,
              40.5116408
            ],
            [
              19.421004,
              40.5115933
            ],
            [
              19.4209976,
              40.5115669
            ],
            [
              19.4209961,
              40.5115465
            ],
            [
              19.4210032,
              40.5115242
            ],
            [
              19.4210206,
              40.5115044
            ],
            [
              19.4211495,
              40.5114166
            ],
            [
              19.4211985,
              40.5113883
            ],
            [
              19.4212159,
              40.5113835
            ],
            [
              19.4212381,
              40.5113877
            ],
            [
              19.421257,
              40.5113943
            ],
            [
              19.4212705,
              40.5113937
            ],
            [
              19.4212879,
              40.5113781
            ],
            [
              19.4214658,
              40.5110691
            ],
            [
              19.4214737,
              40.511063
            ],
            [
              19.4214959,
              40.5110672
            ],
            [
              19.4215512,
              40.5110925
            ],
            [
              19.4215781,
              40.5110949
            ],
            [
              19.4216153,
              40.5110943
            ],
            [
              19.4216453,
              40.5110913
            ],
            [
              19.4216754,
              40.5110769
            ],
            [
              19.4216975,
              40.5110552
            ],
            [
              19.4217126,
              40.5110318
            ],
            [
              19.421726,
              40.5109999
            ],
            [
              19.4217308,
              40.5109698
            ],
            [
              19.4217292,
              40.5109482
            ],
            [
              19.4217229,
              40.510932
            ],
            [
              19.421707,
              40.5109133
            ],
            [
              19.4216841,
              40.5109031
            ],
            [
              19.4216722,
              40.5108947
            ],
            [
              19.4216651,
              40.5108821
            ],
            [
              19.4216667,
              40.5108658
            ],
            [
              19.4216825,
              40.5108478
            ],
            [
              19.421696,
              40.5108267
            ],
            [
              19.4217062,
              40.5107943
            ],
            [
              19.4217221,
              40.5107492
            ],
            [
              19.4217308,
              40.5106999
            ],
            [
              19.4217418,
              40.5106668
            ],
            [
              19.4217545,
              40.5106313
            ],
            [
              19.4217711,
              40.5106139
            ],
            [
              19.4217972,
              40.5106061
            ],
            [
              19.4218605,
              40.5106061
            ],
            [
              19.4219443,
              40.5106163
            ],
            [
              19.4220226,
              40.5106349
            ],
            [
              19.4220716,
              40.5106512
            ],
            [
              19.4221143,
              40.5106686
            ],
            [
              19.4221452,
              40.5106812
            ],
            [
              19.4221673,
              40.510683
            ],
            [
              19.4221958,
              40.510674
            ],
            [
              19.4222242,
              40.5106476
            ],
            [
              19.4222543,
              40.5106145
            ],
            [
              19.4222733,
              40.5105965
            ],
            [
              19.4223002,
              40.5105886
            ],
            [
              19.4223231,
              40.5105766
            ],
            [
              19.4223468,
              40.5105502
            ],
            [
              19.4223706,
              40.5105183
            ],
            [
              19.42238,
              40.5104942
            ],
            [
              19.4223721,
              40.5104744
            ],
            [
              19.4223571,
              40.5104582
            ],
            [
              19.4223516,
              40.5104419
            ],
            [
              19.4223476,
              40.5104215
            ],
            [
              19.4223397,
              40.5104016
            ],
            [
              19.4223255,
              40.5103926
            ],
            [
              19.4222954,
              40.510389
            ],
            [
              19.4222701,
              40.5103878
            ],
            [
              19.4222551,
              40.510383
            ],
            [
              19.4222416,
              40.510365
            ],
            [
              19.4222211,
              40.5103445
            ],
            [
              19.4221958,
              40.5103349
            ],
            [
              19.4221626,
              40.5103313
            ],
            [
              19.4221341,
              40.5103301
            ],
            [
              19.4220811,
              40.5103193
            ],
            [
              19.4220218,
              40.5102964
            ],
            [
              19.4219854,
              40.5102688
            ],
            [
              19.4219767,
              40.5102447
            ],
            [
              19.421987,
              40.5101978
            ],
            [
              19.4220289,
              40.5101323
            ],
            [
              19.4220558,
              40.5100938
            ],
            [
              19.4221072,
              40.5100487
            ],
            [
              19.4221689,
              40.510003
            ],
            [
              19.4222598,
              40.5099711
            ],
            [
              19.4223468,
              40.5099429
            ],
            [
              19.4224481,
              40.509896
            ],
            [
              19.4225572,
              40.5098136
            ],
            [
              19.4226901,
              40.5097114
            ],
            [
              19.4227446,
              40.5096687
            ],
            [
              19.4228111,
              40.5096278
            ],
            [
              19.4228719,
              40.5095863
            ],
            [
              19.4229139,
              40.5095442
            ],
            [
              19.4229937,
              40.5094336
            ],
            [
              19.4230372,
              40.5093801
            ],
            [
              19.4230554,
              40.5093747
            ],
            [
              19.4230712,
              40.5093765
            ],
            [
              19.4230863,
              40.5093789
            ],
            [
              19.4231005,
              40.5093741
            ],
            [
              19.42314,
              40.5093163
            ],
            [
              19.4231369,
              40.5093031
            ],
            [
              19.4231147,
              40.5092887
            ],
            [
              19.4231037,
              40.5092682
            ],
            [
              19.4231132,
              40.509249
            ],
            [
              19.4231139,
              40.5092262
            ],
            [
              19.4230855,
              40.5092111
            ],
            [
              19.4230762,
              40.509175
            ],
            [
              19.4230762,
              40.5091376
            ],
            [
              19.4230919,
              40.5090738
            ],
            [
              19.4231254,
              40.5089947
            ],
            [
              19.4231836,
              40.5089241
            ],
            [
              19.423235,
              40.508891
            ],
            [
              19.4232943,
              40.5088595
            ],
            [
              19.4233692,
              40.5088127
            ],
            [
              19.4234039,
              40.5087787
            ],
            [
              19.4234654,
              40.5086988
            ],
            [
              19.4235191,
              40.5086529
            ],
            [
              19.4236119,
              40.5085976
            ],
            [
              19.4236635,
              40.5085757
            ],
            [
              19.4271235,
              40.5083815
            ],
            [
              19.4294586,
              40.5080504
            ],
            [
              19.4324085,
              40.5079753
            ],
            [
              19.4332218,
              40.5077135
            ],
            [
              19.4338816,
              40.5070629
            ],
            [
              19.4351648,
              40.5035661
            ],
            [
              19.4352764,
              40.5035307
            ],
            [
              19.4362226,
              40.5032305
            ],
            [
              19.437015,
              40.5022801
            ],
            [
              19.4373792,
              40.5019794
            ],
            [
              19.4379264,
              40.5009992
            ],
            [
              19.4384655,
              40.5006794
            ],
            [
              19.4388077,
              40.4999774
            ],
            [
              19.4399981,
              40.4987284
            ],
            [
              19.440342,
              40.4986329
            ],
            [
              19.4407105,
              40.4986982
            ],
            [
              19.4412539,
              40.4988495
            ],
            [
              19.4418317,
              40.4990653
            ],
            [
              19.4489986,
              40.503602
            ],
            [
              19.4493158,
              40.5038116
            ],
            [
              19.449534,
              40.5039439
            ],
            [
              19.4496897,
              40.5040136
            ],
            [
              19.449844,
              40.5040497
            ],
            [
              19.4500833,
              40.5040656
            ],
            [
              19.4503425,
              40.5040721
            ],
            [
              19.4506045,
              40.5041081
            ],
            [
              19.4509781,
              40.504227
            ],
            [
              19.4511038,
              40.5042982
            ],
            [
              19.4511597,
              40.5043842
            ],
            [
              19.4512319,
              40.5045459
            ],
            [
              19.4513004,
              40.5046795
            ],
            [
              19.4512841,
              40.5048791
            ],
            [
              19.4512509,
              40.5050787
            ],
            [
              19.4511576,
              40.5053854
            ],
            [
              19.4510437,
              40.5057582
            ],
            [
              19.4509034,
              40.5061326
            ],
            [
              19.4506057,
              40.5067342
            ],
            [
              19.4506416,
              40.5071894
            ],
            [
              19.4507801,
              40.507565
            ],
            [
              19.4512854,
              40.5091071
            ],
            [
              19.4521732,
              40.512728
            ],
            [
              19.4522386,
              40.5130869
            ],
            [
              19.4527311,
              40.5143854
            ],
            [
              19.4532252,
              40.5156962
            ],
            [
              19.4535962,
              40.5167331
            ],
            [
              19.4538747,
              40.5177953
            ],
            [
              19.4539914,
              40.5182887
            ],
            [
              19.454169,
              40.5188546
            ],
            [
              19.4542734,
              40.5192232
            ],
            [
              19.4542807,
              40.5192645
            ],
            [
              19.454276,
              40.5192963
            ],
            [
              19.4542681,
              40.5193245
            ],
            [
              19.4542522,
              40.5193568
            ],
            [
              19.454059,
              40.5198301
            ],
            [
              19.4540177,
              40.5199555
            ],
            [
              19.4540074,
              40.5200188
            ],
            [
              19.4537684,
              40.5218862
            ],
            [
              19.4537534,
              40.5220031
            ],
            [
              19.4537496,
              40.5221029
            ],
            [
              19.453759,
              40.5221999
            ],
            [
              19.4538003,
              40.5225035
            ],
            [
              19.4538565,
              40.5228784
            ],
            [
              19.4538996,
              40.5230693
            ],
            [
              19.4539334,
              40.5231961
            ],
            [
              19.4539802,
              40.5233202
            ],
            [
              19.4540421,
              40.5234827
            ],
            [
              19.4542953,
              40.524003
            ],
            [
              19.455272,
              40.5260899
            ],
            [
              19.4566222,
              40.5291195
            ],
            [
              19.4566916,
              40.5293241
            ],
            [
              19.4567291,
              40.529405
            ],
            [
              19.457834,
              40.531906
            ],
            [
              19.4578552,
              40.5319772
            ],
            [
              19.4578605,
              40.5320395
            ],
            [
              19.4578526,
              40.5321085
            ],
            [
              19.4578303,
              40.5321758
            ],
            [
              19.4577884,
              40.5322585
            ],
            [
              19.4548639,
              40.5383513
            ],
            [
              19.4547374,
              40.538634
            ],
            [
              19.4546342,
              40.5388877
            ],
            [
              19.4545592,
              40.5391058
            ],
            [
              19.4544842,
              40.5394108
            ],
            [
              19.4544129,
              40.5396687
            ],
            [
              19.4543585,
              40.5398854
            ],
            [
              19.4542873,
              40.5401804
            ],
            [
              19.4540304,
              40.5416086
            ],
            [
              19.4538541,
              40.5423412
            ],
            [
              19.4537115,
              40.5431392
            ],
            [
              19.4534827,
              40.5442565
            ],
            [
              19.4533852,
              40.544838
            ],
            [
              19.4532877,
              40.545693
            ],
            [
              19.4532352,
              40.54636
            ],
            [
              19.4531678,
              40.5479649
            ],
            [
              19.4531771,
              40.5480888
            ],
            [
              19.4531983,
              40.5482511
            ],
            [
              19.4532381,
              40.5484274
            ],
            [
              19.4533402,
              40.5488677
            ],
            [
              19.4545357,
              40.5534219
            ],
            [
              19.4545413,
              40.5534803
            ],
            [
              19.4545638,
              40.5535245
            ],
            [
              19.4545957,
              40.5535743
            ],
            [
              19.4546407,
              40.5536171
            ],
            [
              19.4546951,
              40.5536513
            ],
            [
              19.454772,
              40.5536841
            ],
            [
              19.4577654,
              40.5550747
            ],
            [
              19.4578343,
              40.5551029
            ],
            [
              19.4579404,
              40.5551191
            ],
            [
              19.4580545,
              40.5551312
            ],
            [
              19.4581446,
              40.5551473
            ],
            [
              19.4582242,
              40.5551674
            ],
            [
              19.4583305,
              40.5552017
            ],
            [
              19.4593576,
              40.5555926
            ],
            [
              19.4594513,
              40.5556681
            ],
            [
              19.4594682,
              40.5557379
            ],
            [
              19.4594513,
              40.5557878
            ],
            [
              19.4594157,
              40.5558149
            ],
            [
              19.4593182,
              40.5558362
            ],
            [
              19.457693,
              40.5560386
            ],
            [
              19.455627,
              40.5563469
            ],
            [
              19.454385,
              40.5565003
            ],
            [
              19.4448826,
              40.5577058
            ],
            [
              19.4440555,
              40.5577969
            ],
            [
              19.3957138,
              40.5639379
            ],
            [
              19.3952878,
              40.5639127
            ],
            [
              19.3948474,
              40.5640382
            ],
            [
              19.3897952,
              40.5646915
            ],
            [
              19.3894943,
              40.5646157
            ],
            [
              19.3892207,
              40.5643161
            ],
            [
              19.3881698,
              40.5642611
            ],
            [
              19.3881617,
              40.5642093
            ],
            [
              19.3881505,
              40.5641372
            ],
            [
              19.3886488,
              40.563766
            ],
            [
              19.3884047,
              40.5635752
            ],
            [
              19.3881349,
              40.5630883
            ],
            [
              19.3882368,
              40.5625385
            ],
            [
              19.3881102,
              40.5617471
            ]
          ],
          [
            [
              19.395986,
              40.5216558
            ],
            [
              19.3959893,
              40.52168
            ],
            [
              19.3959953,
              40.5216926
            ],
            [
              19.3960086,
              40.5216991
            ],
            [
              19.3960192,
              40.5216991
            ],
            [
              19.3960364,
              40.5216951
            ],
            [
              19.3960523,
              40.5216825
            ],
            [
              19.3960722,
              40.5216603
            ],
            [
              19.3961147,
              40.521624
            ],
            [
              19.396171,
              40.5215913
            ],
            [
              19.3962393,
              40.5215641
            ],
            [
              19.3963189,
              40.5215384
            ],
            [
              19.3963918,
              40.5215268
            ],
            [
              19.3964356,
              40.5215247
            ],
            [
              19.3965224,
              40.5215167
            ],
            [
              19.3965934,
              40.5215026
            ],
            [
              19.3966643,
              40.5214935
            ],
            [
              19.3967757,
              40.5214895
            ],
            [
              19.3968818,
              40.521491
            ],
            [
              19.3969786,
              40.5214985
            ],
            [
              19.3970224,
              40.5215182
            ],
            [
              19.3970409,
              40.5215368
            ],
            [
              19.3970694,
              40.521554
            ],
            [
              19.3971079,
              40.5215615
            ],
            [
              19.3971464,
              40.5215625
            ],
            [
              19.3971729,
              40.521551
            ],
            [
              19.3971868,
              40.5215247
            ],
            [
              19.3972113,
              40.5215016
            ],
            [
              19.397265,
              40.5214804
            ],
            [
              19.3973188,
              40.5214466
            ],
            [
              19.397405,
              40.5213846
            ],
            [
              19.3974772,
              40.5213312
            ],
            [
              19.3975362,
              40.5212727
            ],
            [
              19.397586,
              40.5212047
            ],
            [
              19.3976257,
              40.5211361
            ],
            [
              19.3976443,
              40.5210792
            ],
            [
              19.3976662,
              40.5210369
            ],
            [
              19.3977013,
              40.5209799
            ],
            [
              19.397757,
              40.5209083
            ],
            [
              19.3978154,
              40.5208408
            ],
            [
              19.3978571,
              40.5207949
            ],
            [
              19.3978757,
              40.5207591
            ],
            [
              19.3978837,
              40.5207289
            ],
            [
              19.3978837,
              40.5207087
            ],
            [
              19.3978804,
              40.5206931
            ],
            [
              19.3978837,
              40.5206775
            ],
            [
              19.3978956,
              40.5206583
            ],
            [
              19.3979119,
              40.5206456
            ],
            [
              19.3979185,
              40.5206364
            ],
            [
              19.3979185,
              40.5206271
            ],
            [
              19.3979204,
              40.5206182
            ],
            [
              19.3979279,
              40.5206079
            ],
            [
              19.3979532,
              40.5205893
            ],
            [
              19.3980146,
              40.520554
            ],
            [
              19.3980573,
              40.5205291
            ],
            [
              19.3980826,
              40.5205163
            ],
            [
              19.3981079,
              40.5205074
            ],
            [
              19.3981248,
              40.5205027
            ],
            [
              19.3981375,
              40.5204945
            ],
            [
              19.3981393,
              40.5204845
            ],
            [
              19.3981323,
              40.5204756
            ],
            [
              19.3981103,
              40.5204721
            ],
            [
              19.3980212,
              40.5204714
            ],
            [
              19.3980015,
              40.5204724
            ],
            [
              19.3979804,
              40.5204813
            ],
            [
              19.3979162,
              40.5205323
            ],
            [
              19.3978754,
              40.5205626
            ],
            [
              19.3978585,
              40.5205729
            ],
            [
              19.3978318,
              40.520584
            ],
            [
              19.3978036,
              40.5205904
            ],
            [
              19.3977591,
              40.5205932
            ],
            [
              19.3975837,
              40.5205918
            ],
            [
              19.3974576,
              40.5205929
            ],
            [
              19.3973554,
              40.5205943
            ],
            [
              19.3972499,
              40.5206061
            ],
            [
              19.3971684,
              40.520626
            ],
            [
              19.3970512,
              40.5206614
            ],
            [
              19.3968038,
              40.5207421
            ],
            [
              19.3967435,
              40.5207647
            ],
            [
              19.3966805,
              40.5207915
            ],
            [
              19.3966189,
              40.5208262
            ],
            [
              19.3965399,
              40.5208807
            ],
            [
              19.3964146,
              40.5209855
            ],
            [
              19.3962901,
              40.5211021
            ],
            [
              19.3961689,
              40.5212115
            ],
            [
              19.3961117,
              40.5212721
            ],
            [
              19.3960667,
              40.5213355
            ],
            [
              19.396032,
              40.5213897
            ],
            [
              19.396002,
              40.5214638
            ],
            [
              19.3959908,
              40.5215308
            ],
            [
              19.3959861,
              40.5216007
            ],
            [
              19.395986,
              40.5216558
            ]
          ],
          [
            [
              19.3987175,
              40.5184695
            ],
            [
              19.3987216,
              40.5185988
            ],
            [
              19.3987532,
              40.5187145
            ],
            [
              19.3988078,
              40.518825
            ],
            [
              19.3989417,
              40.5188839
            ],
            [
              19.3990131,
              40.5189401
            ],
            [
              19.3990622,
              40.5190249
            ],
            [
              19.399115,
              40.5191851
            ],
            [
              19.399236,
              40.5193052
            ],
            [
              19.3994158,
              40.5193811
            ],
            [
              19.3996092,
              40.5194146
            ],
            [
              19.399785,
              40.5193991
            ],
            [
              19.4000471,
              40.5193485
            ],
            [
              19.4002627,
              40.5192674
            ],
            [
              19.4004379,
              40.5191566
            ],
            [
              19.4006117,
              40.5190007
            ],
            [
              19.4008146,
              40.5187972
            ],
            [
              19.4010008,
              40.5185533
            ],
            [
              19.4012872,
              40.5183476
            ],
            [
              19.4014944,
              40.5182805
            ],
            [
              19.4017523,
              40.5182318
            ],
            [
              19.4019371,
              40.5182299
            ],
            [
              19.402028,
              40.518253
            ],
            [
              19.4021014,
              40.5182473
            ],
            [
              19.4022899,
              40.5181824
            ],
            [
              19.4024916,
              40.5181398
            ],
            [
              19.4026242,
              40.5179908
            ],
            [
              19.4029297,
              40.5178988
            ],
            [
              19.4033158,
              40.5177498
            ],
            [
              19.4033274,
              40.5175264
            ],
            [
              19.4032236,
              40.5174782
            ],
            [
              19.4032006,
              40.5173905
            ],
            [
              19.4030185,
              40.5173213
            ],
            [
              19.4029386,
              40.5172893
            ],
            [
              19.4028962,
              40.5172276
            ],
            [
              19.4028217,
              40.5171445
            ],
            [
              19.4027279,
              40.5171013
            ],
            [
              19.4025583,
              40.5170485
            ],
            [
              19.4024729,
              40.517001
            ],
            [
              19.4024113,
              40.5169378
            ],
            [
              19.4023459,
              40.5168325
            ],
            [
              19.4023153,
              40.5167113
            ],
            [
              19.4022841,
              40.5165142
            ],
            [
              19.4022945,
              40.5164326
            ],
            [
              19.4022666,
              40.5163594
            ],
            [
              19.4021861,
              40.5163071
            ],
            [
              19.4019982,
              40.5162525
            ],
            [
              19.4017308,
              40.5161724
            ],
            [
              19.4014257,
              40.5160364
            ],
            [
              19.4011321,
              40.5158948
            ],
            [
              19.4010853,
              40.5158585
            ],
            [
              19.4010556,
              40.5158153
            ],
            [
              19.4010475,
              40.515764
            ],
            [
              19.4010475,
              40.5157373
            ],
            [
              19.4010448,
              40.5157195
            ],
            [
              19.4010203,
              40.5157121
            ],
            [
              19.4009745,
              40.5157249
            ],
            [
              19.4009105,
              40.5157564
            ],
            [
              19.4008142,
              40.5158016
            ],
            [
              19.400676,
              40.5158788
            ],
            [
              19.4003072,
              40.516317
            ],
            [
              19.3992812,
              40.5175789
            ],
            [
              19.3988137,
              40.5182294
            ],
            [
              19.3987417,
              40.5183445
            ],
            [
              19.3987175,
              40.5184695
            ]
          ]
        ]
      }
    },
    {
      "type": "Feature",
      "properties": {
        "name": "Ishulli i Sazanit",
        "kind": "OSM island outline",
        "color": "#e6b400",
        "osm_type": "way",
        "osm_id": 10228601,
        "osm_url": "https://www.openstreetmap.org/way/10228601",
        "label_coordinates": [
          19.2801986,
          40.4941371
        ],
        "source": "OpenStreetMap contributors",
        "license": "ODbL 1.0"
      },
      "geometry": {
        "type": "Polygon",
        "coordinates": [
          [
            [
              19.263974,
              40.5027675
            ],
            [
              19.2639907,
              40.5027282
            ],
            [
              19.2641683,
              40.5024849
            ],
            [
              19.264193,
              40.5024191
            ],
            [
              19.264221,
              40.5022949
            ],
            [
              19.2643106,
              40.5021789
            ],
            [
              19.264353,
              40.5019948
            ],
            [
              19.2644722,
              40.5018773
            ],
            [
              19.2645786,
              40.5018348
            ],
            [
              19.2646957,
              40.5017596
            ],
            [
              19.2647913,
              40.5017623
            ],
            [
              19.264895,
              40.501706
            ],
            [
              19.2650378,
              40.5016992
            ],
            [
              19.2652351,
              40.5016429
            ],
            [
              19.2655486,
              40.5016829
            ],
            [
              19.2657266,
              40.5016564
            ],
            [
              19.2655819,
              40.5015499
            ],
            [
              19.2654373,
              40.5014514
            ],
            [
              19.2653754,
              40.5012093
            ],
            [
              19.2653421,
              40.5009528
            ],
            [
              19.2654701,
              40.5008968
            ],
            [
              19.2654297,
              40.5007339
            ],
            [
              19.2652927,
              40.5006036
            ],
            [
              19.2652441,
              40.5003593
            ],
            [
              19.2656266,
              40.4994262
            ],
            [
              19.2657867,
              40.4992631
            ],
            [
              19.2658919,
              40.4990658
            ],
            [
              19.2660937,
              40.4986869
            ],
            [
              19.2663466,
              40.4983126
            ],
            [
              19.2663921,
              40.4981313
            ],
            [
              19.2665355,
              40.4980958
            ],
            [
              19.2666144,
              40.4981092
            ],
            [
              19.2667833,
              40.4979991
            ],
            [
              19.2668919,
              40.4980604
            ],
            [
              19.2669737,
              40.4980686
            ],
            [
              19.267032,
              40.4980788
            ],
            [
              19.2670045,
              40.4981503
            ],
            [
              19.2670728,
              40.4982605
            ],
            [
              19.2671653,
              40.4982565
            ],
            [
              19.2672149,
              40.4982035
            ],
            [
              19.2674149,
              40.4982062
            ],
            [
              19.2674299,
              40.4981742
            ],
            [
              19.2674207,
              40.4981034
            ],
            [
              19.2672951,
              40.4979497
            ],
            [
              19.267316,
              40.4978217
            ],
            [
              19.2670633,
              40.4975836
            ],
            [
              19.2671874,
              40.4972186
            ],
            [
              19.267121,
              40.4969884
            ],
            [
              19.2669607,
              40.4970354
            ],
            [
              19.2668997,
              40.4969967
            ],
            [
              19.26697,
              40.4968958
            ],
            [
              19.2672789,
              40.4966948
            ],
            [
              19.2673287,
              40.4965767
            ],
            [
              19.267357,
              40.4964096
            ],
            [
              19.267456,
              40.4962886
            ],
            [
              19.2675818,
              40.4961452
            ],
            [
              19.2675913,
              40.4959359
            ],
            [
              19.2676936,
              40.4957627
            ],
            [
              19.2676618,
              40.4956588
            ],
            [
              19.2675928,
              40.4956143
            ],
            [
              19.2676049,
              40.4954717
            ],
            [
              19.2676332,
              40.4952597
            ],
            [
              19.2676065,
              40.4950252
            ],
            [
              19.26751,
              40.4948213
            ],
            [
              19.2676055,
              40.4944226
            ],
            [
              19.2677049,
              40.4940077
            ],
            [
              19.2684209,
              40.4927786
            ],
            [
              19.2687198,
              40.4926637
            ],
            [
              19.2689646,
              40.4926282
            ],
            [
              19.2692837,
              40.4923984
            ],
            [
              19.2696686,
              40.4923644
            ],
            [
              19.2698454,
              40.492286
            ],
            [
              19.2699815,
              40.4923257
            ],
            [
              19.2702544,
              40.4923172
            ],
            [
              19.2704335,
              40.4923985
            ],
            [
              19.2706146,
              40.4924059
            ],
            [
              19.2708064,
              40.4924173
            ],
            [
              19.2709522,
              40.4923937
            ],
            [
              19.2714242,
              40.4921325
            ],
            [
              19.2715114,
              40.4920743
            ],
            [
              19.2715443,
              40.4921125
            ],
            [
              19.2716392,
              40.4920756
            ],
            [
              19.2716621,
              40.4920285
            ],
            [
              19.2716957,
              40.4920385
            ],
            [
              19.271813,
              40.491963
            ],
            [
              19.2716398,
              40.4919026
            ],
            [
              19.2716663,
              40.4918493
            ],
            [
              19.2717136,
              40.4917771
            ],
            [
              19.2718199,
              40.491709
            ],
            [
              19.2720584,
              40.4915006
            ],
            [
              19.2721802,
              40.4915212
            ],
            [
              19.2722899,
              40.4915408
            ],
            [
              19.2722611,
              40.4916321
            ],
            [
              19.272341,
              40.4916184
            ],
            [
              19.272321,
              40.4917174
            ],
            [
              19.2724068,
              40.4917006
            ],
            [
              19.2724915,
              40.4916276
            ],
            [
              19.2725544,
              40.4914849
            ],
            [
              19.2726761,
              40.491359
            ],
            [
              19.272689,
              40.4913971
            ],
            [
              19.2727042,
              40.4915304
            ],
            [
              19.2726801,
              40.4915743
            ],
            [
              19.2725424,
              40.4916981
            ],
            [
              19.272614,
              40.4917292
            ],
            [
              19.2727793,
              40.4916635
            ],
            [
              19.2728442,
              40.4916559
            ],
            [
              19.2728499,
              40.4917021
            ],
            [
              19.272889,
              40.4916854
            ],
            [
              19.2729066,
              40.4916952
            ],
            [
              19.2728895,
              40.4917403
            ],
            [
              19.2728629,
              40.4917558
            ],
            [
              19.2728957,
              40.4917734
            ],
            [
              19.2729193,
              40.4917826
            ],
            [
              19.2729429,
              40.4917903
            ],
            [
              19.2729667,
              40.4917839
            ],
            [
              19.2729846,
              40.4917543
            ],
            [
              19.2730284,
              40.49165
            ],
            [
              19.2729746,
              40.4915332
            ],
            [
              19.2729942,
              40.4914372
            ],
            [
              19.2729965,
              40.4913377
            ],
            [
              19.2730504,
              40.4912265
            ],
            [
              19.2730416,
              40.4911191
            ],
            [
              19.2730278,
              40.4910312
            ],
            [
              19.2730463,
              40.4909144
            ],
            [
              19.2731108,
              40.4907605
            ],
            [
              19.2730949,
              40.4906229
            ],
            [
              19.2731237,
              40.4904769
            ],
            [
              19.2731272,
              40.4903707
            ],
            [
              19.2731901,
              40.4902747
            ],
            [
              19.2733275,
              40.4900362
            ],
            [
              19.273406,
              40.4899752
            ],
            [
              19.2734413,
              40.4900109
            ],
            [
              19.2734355,
              40.4900399
            ],
            [
              19.2734598,
              40.490067
            ],
            [
              19.2734789,
              40.4900647
            ],
            [
              19.2734928,
              40.4900803
            ],
            [
              19.2734957,
              40.490096
            ],
            [
              19.2735246,
              40.4901046
            ],
            [
              19.2735402,
              40.4900856
            ],
            [
              19.2736158,
              40.4901233
            ],
            [
              19.2736033,
              40.490272
            ],
            [
              19.2737526,
              40.4903566
            ],
            [
              19.2737892,
              40.4905146
            ],
            [
              19.273994,
              40.4905002
            ],
            [
              19.2741236,
              40.4906897
            ],
            [
              19.2741956,
              40.4905761
            ],
            [
              19.2742998,
              40.4905766
            ],
            [
              19.2744545,
              40.4909123
            ],
            [
              19.2745447,
              40.4909298
            ],
            [
              19.2745121,
              40.4907372
            ],
            [
              19.2746173,
              40.4905957
            ],
            [
              19.2743951,
              40.4901453
            ],
            [
              19.2743191,
              40.489898
            ],
            [
              19.2743202,
              40.4895784
            ],
            [
              19.2743386,
              40.4892785
            ],
            [
              19.274459,
              40.4889827
            ],
            [
              19.2745748,
              40.488654
            ],
            [
              19.274645,
              40.4883558
            ],
            [
              19.2747923,
              40.488166
            ],
            [
              19.2748753,
              40.4874376
            ],
            [
              19.275084,
              40.4864609
            ],
            [
              19.2754966,
              40.4859275
            ],
            [
              19.2757195,
              40.4855911
            ],
            [
              19.2760039,
              40.485073
            ],
            [
              19.2762237,
              40.4847506
            ],
            [
              19.2764118,
              40.4846467
            ],
            [
              19.2766212,
              40.4845387
            ],
            [
              19.2767152,
              40.484509
            ],
            [
              19.2768037,
              40.4845324
            ],
            [
              19.2768956,
              40.4845152
            ],
            [
              19.2769606,
              40.4843266
            ],
            [
              19.2769331,
              40.4842818
            ],
            [
              19.2768976,
              40.4842432
            ],
            [
              19.2766965,
              40.4842233
            ],
            [
              19.2763801,
              40.4843304
            ],
            [
              19.2761912,
              40.4844453
            ],
            [
              19.2761369,
              40.4844435
            ],
            [
              19.2760988,
              40.4843765
            ],
            [
              19.2760996,
              40.4842715
            ],
            [
              19.2761522,
              40.4840035
            ],
            [
              19.2761852,
              40.4838027
            ],
            [
              19.2763001,
              40.4836037
            ],
            [
              19.2763696,
              40.483063
            ],
            [
              19.2766192,
              40.482537
            ],
            [
              19.2769039,
              40.4820528
            ],
            [
              19.2770408,
              40.4817556
            ],
            [
              19.2771483,
              40.4814747
            ],
            [
              19.2772849,
              40.481176
            ],
            [
              19.2775127,
              40.4808854
            ],
            [
              19.2777706,
              40.4806021
            ],
            [
              19.2782845,
              40.480338
            ],
            [
              19.278378,
              40.4800883
            ],
            [
              19.2783857,
              40.4798549
            ],
            [
              19.2785648,
              40.479615
            ],
            [
              19.2788632,
              40.4794592
            ],
            [
              19.2790777,
              40.4792561
            ],
            [
              19.2791394,
              40.4789917
            ],
            [
              19.2792714,
              40.4790802
            ],
            [
              19.2793847,
              40.4789565
            ],
            [
              19.2793548,
              40.4789181
            ],
            [
              19.2795181,
              40.4788409
            ],
            [
              19.2796566,
              40.4787057
            ],
            [
              19.2796836,
              40.4786401
            ],
            [
              19.2796595,
              40.4786114
            ],
            [
              19.2795979,
              40.4786071
            ],
            [
              19.2791715,
              40.4788452
            ],
            [
              19.2791844,
              40.4789204
            ],
            [
              19.2790559,
              40.4788606
            ],
            [
              19.2789931,
              40.4788341
            ],
            [
              19.2789346,
              40.4787318
            ],
            [
              19.2788974,
              40.4785903
            ],
            [
              19.2788425,
              40.4783625
            ],
            [
              19.2787939,
              40.4783266
            ],
            [
              19.2786829,
              40.4782227
            ],
            [
              19.2786299,
              40.4780984
            ],
            [
              19.2786423,
              40.4780413
            ],
            [
              19.2787816,
              40.4779741
            ],
            [
              19.2787251,
              40.4778711
            ],
            [
              19.2787331,
              40.4778048
            ],
            [
              19.2787772,
              40.4777789
            ],
            [
              19.2787963,
              40.4778173
            ],
            [
              19.2788073,
              40.4778618
            ],
            [
              19.2788427,
              40.4778182
            ],
            [
              19.2788307,
              40.4776739
            ],
            [
              19.2789346,
              40.4776698
            ],
            [
              19.2789559,
              40.4776388
            ],
            [
              19.2789612,
              40.4775862
            ],
            [
              19.2790222,
              40.4775034
            ],
            [
              19.2790947,
              40.4774831
            ],
            [
              19.2791763,
              40.47752
            ],
            [
              19.2792422,
              40.4774088
            ],
            [
              19.279208,
              40.4772049
            ],
            [
              19.2792821,
              40.4771069
            ],
            [
              19.2794111,
              40.4769987
            ],
            [
              19.2794023,
              40.4769528
            ],
            [
              19.2793172,
              40.4769286
            ],
            [
              19.2792275,
              40.4769032
            ],
            [
              19.2791153,
              40.4769461
            ],
            [
              19.2790374,
              40.4768693
            ],
            [
              19.2790659,
              40.4767626
            ],
            [
              19.2789723,
              40.4767526
            ],
            [
              19.2789083,
              40.4767976
            ],
            [
              19.2788939,
              40.4768639
            ],
            [
              19.2789409,
              40.4769033
            ],
            [
              19.278683,
              40.4769906
            ],
            [
              19.2785775,
              40.4769881
            ],
            [
              19.2785706,
              40.4769112
            ],
            [
              19.2785155,
              40.4768792
            ],
            [
              19.2785643,
              40.4768302
            ],
            [
              19.2785785,
              40.4767507
            ],
            [
              19.2785554,
              40.4767022
            ],
            [
              19.2785962,
              40.476659
            ],
            [
              19.27866,
              40.4767022
            ],
            [
              19.2787486,
              40.4766685
            ],
            [
              19.2786398,
              40.476581
            ],
            [
              19.278718,
              40.4764968
            ],
            [
              19.2786148,
              40.4764791
            ],
            [
              19.2785856,
              40.4764248
            ],
            [
              19.2786475,
              40.4763988
            ],
            [
              19.2788221,
              40.4763817
            ],
            [
              19.2788779,
              40.4762143
            ],
            [
              19.2790923,
              40.4760593
            ],
            [
              19.2791717,
              40.4758821
            ],
            [
              19.2790842,
              40.4757692
            ],
            [
              19.2796994,
              40.4753197
            ],
            [
              19.2804957,
              40.4747204
            ],
            [
              19.280794,
              40.4746017
            ],
            [
              19.2810015,
              40.4744344
            ],
            [
              19.2812059,
              40.4743665
            ],
            [
              19.2813999,
              40.4743541
            ],
            [
              19.2814974,
              40.4743087
            ],
            [
              19.2815273,
              40.4743329
            ],
            [
              19.2814929,
              40.4743979
            ],
            [
              19.281277,
              40.4745413
            ],
            [
              19.2811566,
              40.4746779
            ],
            [
              19.2811882,
              40.4747237
            ],
            [
              19.2812632,
              40.4747101
            ],
            [
              19.2813364,
              40.4746566
            ],
            [
              19.2814237,
              40.4745661
            ],
            [
              19.2816252,
              40.4744911
            ],
            [
              19.2818942,
              40.4745206
            ],
            [
              19.2820341,
              40.4744416
            ],
            [
              19.2826704,
              40.4743804
            ],
            [
              19.2832799,
              40.474205
            ],
            [
              19.2836404,
              40.4742088
            ],
            [
              19.2838441,
              40.4742654
            ],
            [
              19.283938,
              40.4742492
            ],
            [
              19.2839825,
              40.4741977
            ],
            [
              19.2848263,
              40.4739115
            ],
            [
              19.2852833,
              40.473797
            ],
            [
              19.2853803,
              40.4737967
            ],
            [
              19.2855149,
              40.4738981
            ],
            [
              19.285788,
              40.4738657
            ],
            [
              19.2860298,
              40.4738693
            ],
            [
              19.2860304,
              40.4739205
            ],
            [
              19.2861496,
              40.4738953
            ],
            [
              19.2862718,
              40.4738467
            ],
            [
              19.2863323,
              40.4738797
            ],
            [
              19.2864362,
              40.4739699
            ],
            [
              19.2865132,
              40.4741048
            ],
            [
              19.2865088,
              40.4741549
            ],
            [
              19.2866523,
              40.4741872
            ],
            [
              19.286723,
              40.4743016
            ],
            [
              19.2867852,
              40.4743314
            ],
            [
              19.2867826,
              40.4744395
            ],
            [
              19.2868366,
              40.4745323
            ],
            [
              19.2868888,
              40.4745969
            ],
            [
              19.2869415,
              40.4746471
            ],
            [
              19.2869677,
              40.4745484
            ],
            [
              19.2870783,
              40.4744869
            ],
            [
              19.2873567,
              40.474675
            ],
            [
              19.2875532,
              40.4748478
            ],
            [
              19.2876927,
              40.4750215
            ],
            [
              19.2877457,
              40.4751477
            ],
            [
              19.2878261,
              40.4752168
            ],
            [
              19.2879149,
              40.4752909
            ],
            [
              19.2880322,
              40.4754216
            ],
            [
              19.2880094,
              40.4754771
            ],
            [
              19.2880413,
              40.4755755
            ],
            [
              19.2880803,
              40.475593
            ],
            [
              19.2880914,
              40.4756852
            ],
            [
              19.2882274,
              40.4758315
            ],
            [
              19.2882923,
              40.475894
            ],
            [
              19.2883656,
              40.4758706
            ],
            [
              19.2884371,
              40.4757776
            ],
            [
              19.2885144,
              40.4759204
            ],
            [
              19.2885873,
              40.4759887
            ],
            [
              19.28858,
              40.476132
            ],
            [
              19.2886326,
              40.4762714
            ],
            [
              19.2886088,
              40.4763849
            ],
            [
              19.2885747,
              40.4763922
            ],
            [
              19.2884666,
              40.476473
            ],
            [
              19.2884508,
              40.4765617
            ],
            [
              19.2883904,
              40.4766092
            ],
            [
              19.2883456,
              40.4767012
            ],
            [
              19.2883372,
              40.476783
            ],
            [
              19.2883585,
              40.4768208
            ],
            [
              19.2882912,
              40.4768895
            ],
            [
              19.2882375,
              40.4770259
            ],
            [
              19.2881909,
              40.4770839
            ],
            [
              19.2880608,
              40.4771429
            ],
            [
              19.2879685,
              40.4772827
            ],
            [
              19.2879173,
              40.4772708
            ],
            [
              19.2879218,
              40.4773719
            ],
            [
              19.2879793,
              40.4775175
            ],
            [
              19.288035,
              40.4775645
            ],
            [
              19.2881239,
              40.4775726
            ],
            [
              19.2880945,
              40.4777385
            ],
            [
              19.2881342,
              40.4778151
            ],
            [
              19.2880555,
              40.4778099
            ],
            [
              19.2880325,
              40.4779366
            ],
            [
              19.2879621,
              40.4780344
            ],
            [
              19.2879173,
              40.4781084
            ],
            [
              19.2878185,
              40.4781846
            ],
            [
              19.2875647,
              40.4784208
            ],
            [
              19.287208,
              40.4787245
            ],
            [
              19.2870809,
              40.4787818
            ],
            [
              19.2869701,
              40.4789284
            ],
            [
              19.2869752,
              40.4790222
            ],
            [
              19.2870448,
              40.4790882
            ],
            [
              19.2869334,
              40.4793861
            ],
            [
              19.2869696,
              40.4796208
            ],
            [
              19.2866866,
              40.4797826
            ],
            [
              19.2867425,
              40.4800821
            ],
            [
              19.2867692,
              40.4802396
            ],
            [
              19.2868012,
              40.4804284
            ],
            [
              19.2869874,
              40.4806228
            ],
            [
              19.2871414,
              40.4808906
            ],
            [
              19.287188,
              40.4811453
            ],
            [
              19.2872668,
              40.481298
            ],
            [
              19.2875263,
              40.4816136
            ],
            [
              19.2879731,
              40.4819582
            ],
            [
              19.28825,
              40.4821637
            ],
            [
              19.2885295,
              40.4823712
            ],
            [
              19.288733,
              40.4825224
            ],
            [
              19.2888689,
              40.4826449
            ],
            [
              19.2889243,
              40.4828409
            ],
            [
              19.2889841,
              40.4829997
            ],
            [
              19.2891475,
              40.4834334
            ],
            [
              19.2892161,
              40.4836509
            ],
            [
              19.2892844,
              40.4837604
            ],
            [
              19.2893667,
              40.4838197
            ],
            [
              19.2894168,
              40.4839198
            ],
            [
              19.2894767,
              40.4840506
            ],
            [
              19.289475,
              40.484163
            ],
            [
              19.2895028,
              40.4842979
            ],
            [
              19.2897563,
              40.4845702
            ],
            [
              19.2898384,
              40.4848033
            ],
            [
              19.2898868,
              40.4849408
            ],
            [
              19.2899275,
              40.4851087
            ],
            [
              19.2899361,
              40.4852766
            ],
            [
              19.290079,
              40.4856381
            ],
            [
              19.2902327,
              40.485922
            ],
            [
              19.2904283,
              40.4860079
            ],
            [
              19.2905083,
              40.4862363
            ],
            [
              19.2905731,
              40.4864584
            ],
            [
              19.2907761,
              40.4866255
            ],
            [
              19.2910084,
              40.4867912
            ],
            [
              19.2911709,
              40.4869243
            ],
            [
              19.291449,
              40.4873106
            ],
            [
              19.2916842,
              40.4876658
            ],
            [
              19.2921392,
              40.48831
            ],
            [
              19.2922823,
              40.4885452
            ],
            [
              19.292352,
              40.4887451
            ],
            [
              19.2923985,
              40.4888783
            ],
            [
              19.2926186,
              40.4891214
            ],
            [
              19.2928388,
              40.4892503
            ],
            [
              19.2930892,
              40.4896918
            ],
            [
              19.2930677,
              40.4899193
            ],
            [
              19.2933038,
              40.4904677
            ],
            [
              19.2934915,
              40.4908281
            ],
            [
              19.2935848,
              40.4910208
            ],
            [
              19.2935778,
              40.4912972
            ],
            [
              19.2933316,
              40.491906
            ],
            [
              19.293037,
              40.4926349
            ],
            [
              19.2928278,
              40.4935894
            ],
            [
              19.2927648,
              40.4939194
            ],
            [
              19.2926986,
              40.4942665
            ],
            [
              19.2925892,
              40.4948397
            ],
            [
              19.2924364,
              40.495674
            ],
            [
              19.2922797,
              40.496462
            ],
            [
              19.2918693,
              40.4968587
            ],
            [
              19.2917066,
              40.4970639
            ],
            [
              19.291372,
              40.497269
            ],
            [
              19.2908997,
              40.4975563
            ],
            [
              19.2906904,
              40.4978238
            ],
            [
              19.2903479,
              40.4982617
            ],
            [
              19.2902517,
              40.4985478
            ],
            [
              19.2901876,
              40.4988339
            ],
            [
              19.2903712,
              40.4992149
            ],
            [
              19.2903993,
              40.4994734
            ],
            [
              19.2902088,
              40.4996408
            ],
            [
              19.2900593,
              40.4999135
            ],
            [
              19.2899867,
              40.5000458
            ],
            [
              19.2898932,
              40.5002164
            ],
            [
              19.289788,
              40.5004081
            ],
            [
              19.2895543,
              40.5004479
            ],
            [
              19.2890068,
              40.5003958
            ],
            [
              19.2885689,
              40.5004167
            ],
            [
              19.2882682,
              40.5005054
            ],
            [
              19.2877471,
              40.5007456
            ],
            [
              19.2873093,
              40.5010034
            ],
            [
              19.2872143,
              40.5010738
            ],
            [
              19.2870339,
              40.5012781
            ],
            [
              19.287018,
              40.5013283
            ],
            [
              19.2867052,
              40.5014327
            ],
            [
              19.286533,
              40.5014808
            ],
            [
              19.2862527,
              40.5014452
            ],
            [
              19.2856647,
              40.5014851
            ],
            [
              19.2851691,
              40.5014876
            ],
            [
              19.2848606,
              40.5012462
            ],
            [
              19.2846639,
              40.5009554
            ],
            [
              19.2845151,
              40.5008623
            ],
            [
              19.2843004,
              40.5008021
            ],
            [
              19.2840323,
              40.5007733
            ],
            [
              19.283588,
              40.500944
            ],
            [
              19.2834015,
              40.5010841
            ],
            [
              19.2831382,
              40.5013279
            ],
            [
              19.28294,
              40.5014874
            ],
            [
              19.2827049,
              40.501696
            ],
            [
              19.282272,
              40.5020821
            ],
            [
              19.2822716,
              40.5021321
            ],
            [
              19.2822793,
              40.5021512
            ],
            [
              19.2822767,
              40.5021536
            ],
            [
              19.2820203,
              40.5023968
            ],
            [
              19.2819246,
              40.5024953
            ],
            [
              19.281919,
              40.5025011
            ],
            [
              19.2817954,
              40.5025796
            ],
            [
              19.2823762,
              40.5029548
            ],
            [
              19.2832202,
              40.5029355
            ],
            [
              19.2849687,
              40.5029293
            ],
            [
              19.2854992,
              40.5029328
            ],
            [
              19.2855329,
              40.5031198
            ],
            [
              19.2853334,
              40.5031532
            ],
            [
              19.28495,
              40.5031578
            ],
            [
              19.2832496,
              40.5031785
            ],
            [
              19.2823804,
              40.503189
            ],
            [
              19.2816528,
              40.5028042
            ],
            [
              19.2812381,
              40.5028072
            ],
            [
              19.2803783,
              40.5029489
            ],
            [
              19.2796373,
              40.5036034
            ],
            [
              19.2789781,
              40.5039883
            ],
            [
              19.2785524,
              40.5044746
            ],
            [
              19.2781485,
              40.5046557
            ],
            [
              19.277791,
              40.5048293
            ],
            [
              19.2774373,
              40.5050011
            ],
            [
              19.2770501,
              40.5055188
            ],
            [
              19.2769105,
              40.5057053
            ],
            [
              19.2767038,
              40.5061385
            ],
            [
              19.2766,
              40.506356
            ],
            [
              19.2764767,
              40.5066144
            ],
            [
              19.2762156,
              40.5068784
            ],
            [
              19.2761543,
              40.5069519
            ],
            [
              19.2759867,
              40.5071504
            ],
            [
              19.2756921,
              40.5078631
            ],
            [
              19.2756701,
              40.5079431
            ],
            [
              19.2757301,
              40.5080573
            ],
            [
              19.2757847,
              40.5081306
            ],
            [
              19.2758093,
              40.50815
            ],
            [
              19.2759037,
              40.5081489
            ],
            [
              19.2758778,
              40.5082161
            ],
            [
              19.2761547,
              40.5085565
            ],
            [
              19.2762787,
              40.5089438
            ],
            [
              19.2763267,
              40.5090939
            ],
            [
              19.276358,
              40.5091915
            ],
            [
              19.2762626,
              40.509376
            ],
            [
              19.2762847,
              40.50947
            ],
            [
              19.2763605,
              40.509572
            ],
            [
              19.276265,
              40.509749
            ],
            [
              19.2761372,
              40.5097627
            ],
            [
              19.2759173,
              40.5100441
            ],
            [
              19.2758158,
              40.5102404
            ],
            [
              19.2758025,
              40.5103045
            ],
            [
              19.2756158,
              40.5105071
            ],
            [
              19.2755042,
              40.5105671
            ],
            [
              19.2752057,
              40.5107663
            ],
            [
              19.2747678,
              40.510998
            ],
            [
              19.2743996,
              40.5111271
            ],
            [
              19.2739614,
              40.5113743
            ],
            [
              19.2737217,
              40.511489
            ],
            [
              19.273194,
              40.5116
            ],
            [
              19.2730709,
              40.5116029
            ],
            [
              19.2729103,
              40.5114834
            ],
            [
              19.2728087,
              40.5115067
            ],
            [
              19.2727821,
              40.511583
            ],
            [
              19.2725877,
              40.5120435
            ],
            [
              19.2723241,
              40.5123303
            ],
            [
              19.2720608,
              40.5124992
            ],
            [
              19.2720363,
              40.5125845
            ],
            [
              19.2717699,
              40.5127797
            ],
            [
              19.2715546,
              40.5129575
            ],
            [
              19.271185,
              40.51339
            ],
            [
              19.270862,
              40.5138575
            ],
            [
              19.2705326,
              40.514066
            ],
            [
              19.2702661,
              40.5142266
            ],
            [
              19.2701297,
              40.5142964
            ],
            [
              19.2698935,
              40.5143518
            ],
            [
              19.269775,
              40.5142862
            ],
            [
              19.2693149,
              40.514117
            ],
            [
              19.2689307,
              40.5140645
            ],
            [
              19.268841,
              40.5139645
            ],
            [
              19.268532,
              40.5136171
            ],
            [
              19.2681825,
              40.5136699
            ],
            [
              19.2670047,
              40.5130892
            ],
            [
              19.2665219,
              40.5129118
            ],
            [
              19.2660486,
              40.5126762
            ],
            [
              19.2657466,
              40.5124686
            ],
            [
              19.2657122,
              40.5122152
            ],
            [
              19.2657202,
              40.511906
            ],
            [
              19.2657144,
              40.5117397
            ],
            [
              19.2657092,
              40.5115909
            ],
            [
              19.2657026,
              40.5114008
            ],
            [
              19.2657175,
              40.5111533
            ],
            [
              19.2657897,
              40.5109734
            ],
            [
              19.2658715,
              40.5106848
            ],
            [
              19.2658925,
              40.5104892
            ],
            [
              19.2659559,
              40.5099
            ],
            [
              19.2659705,
              40.5097643
            ],
            [
              19.2659833,
              40.5096449
            ],
            [
              19.2659388,
              40.5093752
            ],
            [
              19.2659229,
              40.5092791
            ],
            [
              19.2659099,
              40.5092003
            ],
            [
              19.2659322,
              40.5091532
            ],
            [
              19.2660234,
              40.5090804
            ],
            [
              19.2661333,
              40.5088464
            ],
            [
              19.26573,
              40.5088231
            ],
            [
              19.2656816,
              40.5087671
            ],
            [
              19.2654509,
              40.5086865
            ],
            [
              19.2653957,
              40.5085924
            ],
            [
              19.2655176,
              40.5084973
            ],
            [
              19.265543,
              40.5083615
            ],
            [
              19.2656453,
              40.5082444
            ],
            [
              19.2655654,
              40.508194
            ],
            [
              19.2654694,
              40.5082538
            ],
            [
              19.2654034,
              40.5082206
            ],
            [
              19.2653804,
              40.5080161
            ],
            [
              19.265395,
              40.5079012
            ],
            [
              19.2652338,
              40.5076872
            ],
            [
              19.2652547,
              40.5076164
            ],
            [
              19.2653025,
              40.5075496
            ],
            [
              19.2654205,
              40.5073793
            ],
            [
              19.2654209,
              40.5072439
            ],
            [
              19.2653206,
              40.5071885
            ],
            [
              19.2650406,
              40.5071228
            ],
            [
              19.2648857,
              40.5071157
            ],
            [
              19.2647039,
              40.5072065
            ],
            [
              19.2645999,
              40.5071383
            ],
            [
              19.2646809,
              40.5069621
            ],
            [
              19.2645262,
              40.5067527
            ],
            [
              19.2644046,
              40.5067844
            ],
            [
              19.2643138,
              40.5067314
            ],
            [
              19.2641547,
              40.5066739
            ],
            [
              19.2642015,
              40.506556
            ],
            [
              19.2642717,
              40.5062971
            ],
            [
              19.2642969,
              40.5062057
            ],
            [
              19.264231,
              40.5060999
            ],
            [
              19.2642816,
              40.505981
            ],
            [
              19.2641916,
              40.5059328
            ],
            [
              19.2641252,
              40.5058445
            ],
            [
              19.2640663,
              40.5057022
            ],
            [
              19.2640563,
              40.5056781
            ],
            [
              19.2640425,
              40.5056448
            ],
            [
              19.2640643,
              40.5055335
            ],
            [
              19.2639858,
              40.5054201
            ],
            [
              19.2640929,
              40.5054129
            ],
            [
              19.2641791,
              40.505454
            ],
            [
              19.2642376,
              40.5053899
            ],
            [
              19.264326,
              40.505293
            ],
            [
              19.2643732,
              40.5051614
            ],
            [
              19.2644383,
              40.5049113
            ],
            [
              19.264329,
              40.5048324
            ],
            [
              19.264358,
              40.504747
            ],
            [
              19.2642689,
              40.5045392
            ],
            [
              19.2642773,
              40.5044856
            ],
            [
              19.2644084,
              40.5044609
            ],
            [
              19.2645144,
              40.5044662
            ],
            [
              19.2646223,
              40.5044732
            ],
            [
              19.2647223,
              40.504444
            ],
            [
              19.2648766,
              40.5044879
            ],
            [
              19.264945,
              40.5044686
            ],
            [
              19.2649893,
              40.5044126
            ],
            [
              19.2650335,
              40.5043057
            ],
            [
              19.2650815,
              40.5042236
            ],
            [
              19.2652314,
              40.5041721
            ],
            [
              19.2652071,
              40.5041244
            ],
            [
              19.265089,
              40.5040514
            ],
            [
              19.2649842,
              40.5039917
            ],
            [
              19.2649039,
              40.5039604
            ],
            [
              19.2645286,
              40.5040208
            ],
            [
              19.2644094,
              40.5039414
            ],
            [
              19.2641748,
              40.5039183
            ],
            [
              19.2641002,
              40.5038116
            ],
            [
              19.2640645,
              40.5034741
            ],
            [
              19.2640637,
              40.5031571
            ],
            [
              19.2641374,
              40.5031042
            ],
            [
              19.264136,
              40.5029921
            ],
            [
              19.264089,
              40.5029229
            ],
            [
              19.2639976,
              40.502813
            ],
            [
              19.263974,
              40.5027675
            ]
          ]
        ]
      }
    },
    {
      "type": "Feature",
      "properties": {
        "name": "Rrjoll (Baks-Rrjoll)",
        "kind": "OSM hamlet",
        "color": "#e01e26",
        "osm_type": "node",
        "osm_id": 4591677710,
        "osm_url": "https://www.openstreetmap.org/node/4591677710",
        "label_coordinates": [
          19.4853203,
          41.8604327
        ],
        "source": "OpenStreetMap contributors",
        "license": "ODbL 1.0"
      },
      "geometry": {
        "type": "Point",
        "coordinates": [
          19.4853203,
          41.8604327
        ]
      }
    },
    {
      "type": "Feature",
      "properties": {
        "name": "Zvërnec",
        "kind": "OSM village",
        "color": "#e01e26",
        "osm_type": "node",
        "osm_id": 728425036,
        "osm_url": "https://www.openstreetmap.org/node/728425036",
        "label_coordinates": [
          19.4187572,
          40.5148611
        ],
        "source": "OpenStreetMap contributors",
        "license": "ODbL 1.0"
      },
      "geometry": {
        "type": "Point",
        "coordinates": [
          19.4187572,
          40.5148611
        ]
      }
    }
  ]
}
